DATE,TIME,F_Record,Time(Fract.Sec),SITENAME,CHLOROPHYLLRFU,ChlFluor,Level,F_Level,FDOMQSU,FDOMRFU,DO_pct,F_DO_pct,DO_mgl,F_DO_mgl,Sal,F_Sal,SpCond,F_SpCond,Turb,F_Turb,WIPERPOSITIONVOLT,pH,F_pH,pHmV,Temp,F_Temp,BATTERY
7/23/2025,9:45, ,0,Pellicer Creek,,7.2,0.28,<0> (CND),,,40.8,<0> (CND),2.8,<0> (CND),15.4,<0> (CND),25.34,<0> (CND),18,<0> (CND),,7.2,<0> (CND),,30.2,<0> (CND),
7/23/2025,10:00, ,0,Pellicer Creek,,5.8,0.28,0,,,34.3,0,2.4,0,17.2,0,28.04,0,12,0,,7.2,0,,30.1,0,
7/23/2025,10:15, ,0,Pellicer Creek,,5.5,0.26,0,,,32,0,2.2,0,18.8,0,30.41,0,12,0,,7.2,0,,30.1,0,
7/23/2025,10:30, ,0,Pellicer Creek,,5.7,0.25,0,,,31,0,2.1,0,19.8,0,31.95,0,19,0,,7.3,0,,30.1,0,
7/23/2025,10:45, ,0,Pellicer Creek,,6.6,0.23,0,,,36.5,0,2.5,0,16.7,0,27.37,0,20,0,,7.3,0,,30.1,0,
7/23/2025,11:00, ,0,Pellicer Creek,,7.2,0.21,0,,,38.5,0,2.7,0,14.3,0,23.69,0,19,0,,7.2,0,,30.2,0,
7/23/2025,11:15, ,0,Pellicer Creek,,7.3,0.19,0,,,38.4,0,2.7,0,14.9,0,24.73,0,21,0,,7.2,0,,30.2,0,
7/23/2025,11:30, ,0,Pellicer Creek,,8.3,0.17,0,,,39.6,0,2.8,0,11.8,0,19.93,0,21,0,,7.1,0,,30.4,0,
7/23/2025,11:45, ,0,Pellicer Creek,,7.8,0.14,0,,,37.6,0,2.6,0,12.8,0,21.52,0,22,0,,7.1,0,,30.3,0,
7/23/2025,12:00, ,0,Pellicer Creek,,8.8,0.12,0,,,38.5,0,2.8,0,7.5,0,13.13,0,21,0,,7,0,,30.4,0,
7/23/2025,12:15, ,0,Pellicer Creek,,8.5,0.09,0,,,37.8,0,2.7,0,7.4,0,12.99,0,20,0,,7,0,,30.3,0,
7/23/2025,12:30, ,0,Pellicer Creek,,8.7,0.07,0,,,37.5,0,2.7,0,8,0,13.93,0,19,0,,7,0,,30.3,0,
7/23/2025,12:45, ,0,Pellicer Creek,,9,0.04,0,,,37.1,0,2.7,0,6.8,0,11.93,0,18,0,,7,0,,30.4,0,
7/23/2025,13:00, ,0,Pellicer Creek,,9.2,0.01,0,,,37.1,0,2.7,0,5.8,0,10.32,0,19,0,,7,0,,30.4,0,
7/23/2025,13:15, ,0,Pellicer Creek,,9.2,0,0,,,35.7,0,2.6,0,6.4,0,11.39,0,16,0,,7,0,,30.4,0,
7/23/2025,13:30, ,0,Pellicer Creek,,9.3,-0.02,0,,,37.3,0,2.7,0,4.4,0,7.99,0,17,0,,6.9,0,,30.5,0,
7/23/2025,13:45, ,0,Pellicer Creek,,9.5,-0.04,0,,,38.1,0,2.8,0,4,0,7.3,0,16,0,,6.9,0,,30.6,0,
7/23/2025,14:00, ,0,Pellicer Creek,,9.6,-0.06,0,,,38.2,0,2.8,0,2.9,0,5.37,0,16,0,,6.9,0,,30.6,0,
7/23/2025,14:15, ,0,Pellicer Creek,,9.7,-0.07,0,,,39.1,0,2.9,0,2.6,0,4.89,0,15,0,,6.9,0,,30.7,0,
7/23/2025,14:30, ,0,Pellicer Creek,,9.9,-0.1,0,,,38.8,0,2.9,0,2.7,0,5.02,0,15,0,,6.9,0,,30.5,0,
7/23/2025,14:45, ,0,Pellicer Creek,,9.9,-0.11,0,,,39.1,0,2.9,0,2.5,0,4.72,0,14,0,,6.9,0,,30.6,0,
7/23/2025,15:00, ,0,Pellicer Creek,,9.6,-0.13,0,,,37.3,0,2.8,0,2.6,0,4.89,0,16,0,,6.9,0,,30.3,0,
7/23/2025,15:15, ,0,Pellicer Creek,,9.5,-0.15,0,,,37.5,0,2.8,0,2.9,0,5.34,0,16,0,,6.9,0,,30.3,0,
7/23/2025,15:30, ,0,Pellicer Creek,,9.7,-0.16,0,,,38.4,0,2.9,0,2.3,0,4.32,0,15,0,,6.9,0,,30.4,0,
7/23/2025,15:45, ,0,Pellicer Creek,,9.6,-0.17,0,,,39.2,0,2.9,0,1.8,0,3.5,0,16,0,,6.9,0,,30.2,0,
7/23/2025,16:00, ,0,Pellicer Creek,,9.6,-0.18,0,,,39.8,0,3,0,1.7,0,3.29,0,18,0,,6.9,0,,30.1,0,
7/23/2025,16:15, ,0,Pellicer Creek,,9.5,-0.19,0,,,38.7,0,2.9,0,1.7,0,3.18,0,15,0,,6.9,0,,30.1,0,
7/23/2025,16:30, ,0,Pellicer Creek,,9.6,-0.2,0,,,40.3,0,3,0,1.3,0,2.62,0,14,0,,6.9,0,,30,0,
7/23/2025,16:45, ,0,Pellicer Creek,,9.8,-0.2,0,,,41.1,0,3.1,0,0.9,0,1.87,0,14,0,,6.9,0,,30,0,
7/23/2025,17:00, ,0,Pellicer Creek,,8.9,-0.18,0,,,35.9,0,2.7,0,0.7,0,1.37,0,13,0,,6.9,0,,29.9,0,
7/23/2025,17:15, ,0,Pellicer Creek,,9.5,-0.16,0,,,40.7,0,3.1,0,0.7,0,1.37,0,13,0,,6.9,0,,30.2,0,
7/23/2025,17:30, ,0,Pellicer Creek,,10.2,-0.13,0,,,46.5,0,3.5,0,1.1,0,2.12,0,16,0,,6.9,0,,30.4,0,
7/23/2025,17:45, ,0,Pellicer Creek,,9.9,-0.11,0,,,44.1,0,3.3,0,0.9,0,1.84,0,15,0,,6.9,0,,30.3,0,
7/23/2025,18:00, ,0,Pellicer Creek,,10.3,-0.08,0,,,48.1,0,3.6,0,1.3,0,2.46,0,16,0,,6.9,0,,30.5,0,
7/23/2025,18:15, ,0,Pellicer Creek,,10.6,-0.04,0,,,51.1,0,3.8,0,1.8,0,3.44,0,16,0,,6.9,0,,30.7,0,
7/23/2025,18:30, ,0,Pellicer Creek,,10.1,0,0,,,48.3,0,3.6,0,2,0,3.79,0,13,0,,6.9,0,,30.8,0,
7/23/2025,18:45, ,0,Pellicer Creek,,10.3,0.03,0,,,48.7,0,3.6,0,2.3,0,4.27,0,16,0,,6.9,0,,30.8,0,
7/23/2025,19:00, ,0,Pellicer Creek,,10.2,0.07,0,,,49.6,0,3.6,0,2.6,0,4.96,0,16,0,,6.9,0,,30.9,0,
7/23/2025,19:15, ,0,Pellicer Creek,,10.3,0.12,0,,,49.8,0,3.7,0,3.1,0,5.72,0,15,0,,7,0,,30.9,0,
7/23/2025,19:30, ,0,Pellicer Creek,,10.6,0.17,0,,,52.2,0,3.8,0,3.8,0,7.06,0,15,0,,7,0,,30.9,0,
7/23/2025,19:45, ,0,Pellicer Creek,,10.4,0.21,0,,,53,0,3.8,0,5.1,0,9.13,0,16,0,,7.1,0,,30.9,0,
7/23/2025,20:00, ,0,Pellicer Creek,,9.9,0.26,0,,,54.8,0,3.9,0,6.7,0,11.78,0,20,0,,7.1,0,,31,0,
7/23/2025,20:15, ,0,Pellicer Creek,,9.7,0.29,0,,,54.2,0,3.9,0,7.8,0,13.6,0,28,0,,7.1,0,,30.9,0,
7/23/2025,20:30, ,0,Pellicer Creek,,9.7,0.32,0,,,55.9,0,4,0,8.8,0,15.3,0,20,0,,7.2,0,,30.9,0,
7/23/2025,20:45, ,0,Pellicer Creek,,9.4,0.35,0,,,59.3,0,4.2,0,9.8,0,16.82,0,20,0,,7.2,0,,30.8,0,
7/23/2025,21:00, ,0,Pellicer Creek,,9.4,0.37,0,,,63.5,0,4.5,0,11.2,0,18.97,0,26,0,,7.3,0,,30.7,0,
7/23/2025,21:15, ,0,Pellicer Creek,,9.4,0.4,0,,,65.2,0,4.5,0,12.9,0,21.66,0,30,0,,7.4,0,,30.6,0,
7/23/2025,21:30, ,0,Pellicer Creek,,10.1,0.42,0,,,67.4,0,4.7,0,15.1,0,25.02,0,60,0,,7.4,0,,30.5,0,
7/23/2025,21:45, ,0,Pellicer Creek,,8.9,0.44,0,,,69.9,0,4.8,0,17.4,0,28.49,0,54,0,,7.5,0,,30.4,0,
7/23/2025,22:00, ,0,Pellicer Creek,,8.4,0.46,0,,,70.1,0,4.8,0,19.2,0,31.12,0,38,0,,7.6,0,,30.2,0,
7/23/2025,22:15, ,0,Pellicer Creek,,7.9,0.47,0,,,71,0,4.8,0,20.8,0,33.38,0,26,0,,7.6,0,,30.1,0,
7/23/2025,22:30, ,0,Pellicer Creek,,8.2,0.48,0,,,69.8,0,4.7,0,22.2,0,35.39,0,34,0,,7.6,0,,30,0,
7/23/2025,22:45, ,0,Pellicer Creek,,6.8,0.49,0,,,68.6,0,4.6,0,22.6,0,36.01,0,20,0,,7.6,0,,29.9,0,
7/23/2025,23:00, ,0,Pellicer Creek,,5.8,0.49,0,,,66.1,0,4.4,0,23,0,36.63,0,15,0,,7.6,0,,29.9,0,
7/23/2025,23:15, ,0,Pellicer Creek,,5.8,0.49,0,,,68.1,0,4.6,0,23,0,36.59,0,12,0,,7.6,0,,29.8,0,
7/23/2025,23:30, ,0,Pellicer Creek,,5,0.47,0,,,56.1,0,3.7,0,23.5,0,37.23,0,13,0,,7.5,0,,29.8,0,
7/23/2025,23:45, ,0,Pellicer Creek,,5.1,0.45,0,,,60.3,0,4,0,23,0,36.63,0,12,0,,7.6,0,,29.9,0,
7/24/2025,0:00, ,0,Pellicer Creek,,6.6,0.44,0,,,67.8,0,4.5,0,22.1,0,35.34,0,13,0,,7.6,0,,29.9,0,
7/24/2025,0:15, ,0,Pellicer Creek,,6.7,0.42,0,,,67,0,4.5,0,21.3,0,34.12,0,14,0,,7.6,0,,30,0,
7/24/2025,0:30, ,0,Pellicer Creek,,7.2,0.4,0,,,65.9,0,4.5,0,20.6,0,33.12,0,18,0,,7.6,0,,30,0,
7/24/2025,0:45, ,0,Pellicer Creek,,7.6,0.38,0,,,62.8,0,4.3,0,18.2,0,29.65,0,21,0,,7.5,0,,30.1,0,
7/24/2025,1:00, ,0,Pellicer Creek,,7.3,0.36,0,,,56.9,0,3.9,0,16.2,0,26.62,0,20,0,,7.4,0,,30.1,0,
7/24/2025,1:15, ,0,Pellicer Creek,,8,0.34,0,,,55.9,0,3.9,0,14.2,0,23.57,0,24,0,,7.4,0,,30.2,0,
7/24/2025,1:30, ,0,Pellicer Creek,,8.1,0.31,0,,,53.9,0,3.8,0,12.8,0,21.48,0,24,0,,7.3,0,,30.1,0,
7/24/2025,1:45, ,0,Pellicer Creek,,8.3,0.28,0,,,50.9,0,3.6,0,10.9,0,18.51,0,23,0,,7.2,0,,30.1,0,
7/24/2025,2:00, ,0,Pellicer Creek,,8.5,0.26,0,,,48.4,0,3.5,0,9.3,0,15.93,0,23,0,,7.2,0,,30,0,
7/24/2025,2:15, ,0,Pellicer Creek,,8.6,0.23,0,,,47.5,0,3.4,0,8,0,13.99,0,24,0,,7.1,0,,29.9,0,
7/24/2025,2:30, ,0,Pellicer Creek,,8.8,0.21,0,,,45.9,0,3.4,0,7.1,0,12.55,0,21,0,,7.1,0,,29.8,0,
7/24/2025,2:45, ,0,Pellicer Creek,,9,0.18,0,,,45,0,3.3,0,6,0,10.68,0,20,0,,7.1,0,,29.7,0,
7/24/2025,3:00, ,0,Pellicer Creek,,9.1,0.15,0,,,43.6,0,3.2,0,5.1,0,9.19,0,22,0,,7,0,,29.6,0,
7/24/2025,3:15, ,0,Pellicer Creek,,9.2,0.13,0,,,43.3,0,3.2,0,4.4,0,8.04,0,20,0,,7,0,,29.4,0,
7/24/2025,3:30, ,0,Pellicer Creek,,9.3,0.1,0,,,42.1,0,3.2,0,3.8,0,6.9,0,20,0,,7,0,,29.3,0,
7/24/2025,3:45, ,0,Pellicer Creek,,9.4,0.08,0,,,41.1,0,3.1,0,3.1,0,5.75,0,19,0,,7,0,,29.2,0,
7/24/2025,4:00, ,0,Pellicer Creek,,9.5,0.05,0,,,41.5,0,3.1,0,2.6,0,4.87,0,19,0,,7,0,,29.1,0,
7/24/2025,4:15, ,0,Pellicer Creek,,9.3,0.03,0,,,41.7,0,3.2,0,2.1,0,3.97,0,20,0,,7,0,,28.9,0,
7/24/2025,4:30, ,0,Pellicer Creek,,9.6,0.01,0,,,40.8,0,3.1,0,1.7,0,3.3,0,19,0,,7,0,,28.8,0,
7/24/2025,4:45, ,0,Pellicer Creek,,9.5,-0.01,0,,,39.7,0,3,0,1.5,0,2.9,0,21,0,,7,0,,28.6,0,
7/24/2025,5:00, ,0,Pellicer Creek,,9.4,-0.02,0,,,39.4,0,3,0,1.2,0,2.43,0,21,0,,7,0,,28.5,0,
7/24/2025,5:15, ,0,Pellicer Creek,,9.4,-0.04,0,,,38.5,0,3,0,1.1,0,2.15,0,22,0,,7,0,,28.4,0,
7/24/2025,5:30, ,0,Pellicer Creek,,9.5,-0.05,0,,,38.8,0,3,0,1,0,1.96,0,22,0,,6.9,0,,28.3,0,
7/24/2025,5:45, ,0,Pellicer Creek,,9.5,-0.05,0,,,38.7,0,3,0,0.9,0,1.82,0,23,0,,6.9,0,,28.2,0,
7/24/2025,6:00, ,0,Pellicer Creek,,9.5,-0.05,0,,,37.8,0,2.9,0,0.8,0,1.66,0,23,0,,6.9,0,,28.1,0,
7/24/2025,6:15, ,0,Pellicer Creek,,9.5,-0.04,0,,,36,0,2.8,0,1,0,1.9,0,21,0,,6.9,0,,28.2,0,
7/24/2025,6:30, ,0,Pellicer Creek,,9.7,-0.02,0,,,37.9,0,2.9,0,1,0,1.96,0,23,0,,6.9,0,,28.2,0,
7/24/2025,6:45, ,0,Pellicer Creek,,9.8,0.01,0,,,40.6,0,3.1,0,1.5,0,2.81,0,25,0,,6.9,0,,28.3,0,
7/24/2025,7:00, ,0,Pellicer Creek,,9.8,0.03,0,,,41,0,3.2,0,1.7,0,3.26,0,22,0,,6.9,0,,28.3,0,
7/24/2025,7:15, ,0,Pellicer Creek,,9.6,0.06,0,,,41.3,0,3.2,0,2.7,0,4.97,0,20,0,,6.9,0,,28.5,0,
7/24/2025,7:30, ,0,Pellicer Creek,,9.8,0.1,0,,,40.6,0,3.1,0,3.9,0,7.05,0,20,0,,6.9,0,,28.7,0,
7/24/2025,7:45, ,0,Pellicer Creek,,9.5,0.14,0,,,40.6,0,3.1,0,3.1,0,5.69,0,16,0,,6.9,0,,28.7,0,
7/24/2025,8:00, ,0,Pellicer Creek,,9.5,0.18,0,,,40.5,0,3.1,0,3.5,0,6.42,0,17,0,,6.9,0,,28.8,0,
7/24/2025,8:15, ,0,Pellicer Creek,,9.6,0.21,0,,,39.1,0,2.9,0,4.9,0,8.84,0,22,0,,6.9,0,,29,0,
7/24/2025,8:30, ,0,Pellicer Creek,,9.8,0.24,0,,,39.2,0,2.9,0,5.3,0,9.51,0,26,0,,7,0,,29,0,
7/24/2025,8:45, ,0,Pellicer Creek,,9.5,0.27,0,,,41.3,0,3.1,0,4.9,0,8.76,0,18,0,,7,0,,29.1,0,
7/24/2025,9:00, ,0,Pellicer Creek,,9.4,0.29,0,,,43.1,0,3.2,0,6.2,0,11.06,0,17,0,,7,0,,29.2,0,
7/24/2025,9:15, ,0,Pellicer Creek,,9.2,0.32,0,,,40.9,0,3,0,8.3,0,14.33,0,17,0,,7,0,,29.2,0,
7/24/2025,9:30, ,0,Pellicer Creek,,8.8,0.33,0,,,42.2,0,3.1,0,9.4,0,16.12,0,15,0,,7,0,,29.3,0,
7/24/2025,9:45, ,0,Pellicer Creek,,8.3,0.35,0,,,42.2,0,3,0,11.1,0,18.74,0,15,0,,7.1,0,,29.3,0,
7/24/2025,10:00, ,0,Pellicer Creek,,8.8,0.36,0,,,48.2,0,3.4,0,11.4,0,19.23,0,14,0,,7.1,0,,29.7,0,
7/24/2025,10:15, ,0,Pellicer Creek,,7.3,0.37,0,,,40.6,0,2.9,0,15,0,24.75,0,16,0,,7.1,0,,29.2,0,
7/24/2025,10:30, ,0,Pellicer Creek,,7.5,0.37,0,,,41.4,0,2.9,0,15.7,0,25.86,0,17,0,,7.2,0,,29.3,0,
7/24/2025,10:45, ,0,Pellicer Creek,,6.5,0.37,0,,,38.4,0,2.7,0,16.2,0,26.55,0,8,0,,7.2,0,,29.3,0,
7/24/2025,11:00, ,0,Pellicer Creek,,5.6,0.37,0,,,27.1,0,1.9,0,16.3,0,26.73,0,10,0,,7.1,0,,29.4,0,
7/24/2025,11:15, ,0,Pellicer Creek,,6,0.35,0,,,25.8,0,1.8,0,17.8,0,28.95,0,18,0,,7.1,0,,29.2,0,
7/24/2025,11:30, ,0,Pellicer Creek,,6.3,0.33,0,,,34.5,0,2.4,0,17.6,0,28.66,0,11,0,,7.2,0,,29.2,0,
7/24/2025,11:45, ,0,Pellicer Creek,,6.7,0.32,0,,,35,0,2.5,0,16,0,26.24,0,10,0,,7.1,0,,29.3,0,
7/24/2025,12:00, ,0,Pellicer Creek,,7.7,0.3,0,,,39.5,0,2.8,0,13.2,0,22.07,0,14,0,,7.1,0,,29.5,0,
7/24/2025,12:15, ,0,Pellicer Creek,,7.7,0.28,0,,,36.9,0,2.6,0,12.8,0,21.5,0,17,0,,7.1,0,,29.5,0,
7/24/2025,12:30, ,0,Pellicer Creek,,8.7,0.25,0,,,39.6,0,2.9,0,9.3,0,16,0,21,0,,7.1,0,,29.8,0,
7/24/2025,12:45, ,0,Pellicer Creek,,8.8,0.23,0,,,39.6,0,2.9,0,7.8,0,13.61,0,22,0,,7,0,,29.8,0,
7/24/2025,13:00, ,0,Pellicer Creek,,9,0.2,0,,,40,0,2.9,0,7.8,0,13.67,0,27,0,,7,0,,29.6,0,
7/24/2025,13:15, ,0,Pellicer Creek,,9.1,0.18,0,,,39.7,0,2.9,0,6.1,0,10.83,0,25,0,,7,0,,29.7,0,
7/24/2025,13:30, ,0,Pellicer Creek,,9.2,0.15,0,,,41.2,0,3.1,0,4.9,0,8.87,0,25,0,,7,0,,29.6,0,
7/24/2025,13:45, ,0,Pellicer Creek,,9.3,0.13,0,,,42.4,0,3.1,0,4.2,0,7.6,0,23,0,,7,0,,29.8,0,
7/24/2025,14:00, ,0,Pellicer Creek,,9.1,0.11,0,,,43,0,3.2,0,3.2,0,5.91,0,24,0,,6.9,0,,29.8,0,
7/24/2025,14:15, ,0,Pellicer Creek,,9.4,0.09,0,,,41.2,0,3.1,0,2.9,0,5.46,0,22,0,,6.9,0,,29.9,0,
7/24/2025,14:30, ,0,Pellicer Creek,,9.4,0.06,0,,,44.1,0,3.3,0,2.2,0,4.19,0,25,0,,6.9,0,,29.8,0,
7/24/2025,14:45, ,0,Pellicer Creek,,9.4,0.03,0,,,44.2,0,3.3,0,1.8,0,3.5,0,25,0,,6.9,0,,29.8,0,
7/24/2025,15:00, ,0,Pellicer Creek,,9.3,0,0,,,44,0,3.3,0,1.6,0,3.03,0,25,0,,6.9,0,,29.7,0,
7/24/2025,15:15, ,0,Pellicer Creek,,9.4,-0.02,0,,,43.7,0,3.3,0,1.4,0,2.67,0,26,0,,6.9,0,,29.6,0,
7/24/2025,15:30, ,0,Pellicer Creek,,9.3,-0.04,0,,,43.8,0,3.3,0,1.3,0,2.51,0,24,0,,6.9,0,,29.6,0,
7/24/2025,15:45, ,0,Pellicer Creek,,9.3,-0.05,0,,,43.3,0,3.3,0,1.2,0,2.38,0,25,0,,6.9,0,,29.5,0,
7/24/2025,16:00, ,0,Pellicer Creek,,9.4,-0.07,0,,,42.6,0,3.2,0,1.2,0,2.4,0,27,0,,6.8,0,,29.4,0,
7/24/2025,16:15, ,0,Pellicer Creek,,9.2,-0.08,0,,,41.4,0,3.1,0,1.4,0,2.72,0,22,0,,6.8,0,,29.4,0,
7/24/2025,16:30, ,0,Pellicer Creek,,9.3,-0.1,0,,,41.5,0,3.1,0,1,0,2.06,0,23,0,,6.9,0,,29.6,0,
7/24/2025,16:45, ,0,Pellicer Creek,,9.2,-0.11,0,,,41.7,0,3.2,0,0.9,0,1.7,0,22,0,,6.9,0,,29.6,0,
7/24/2025,17:00, ,0,Pellicer Creek,,9.2,-0.12,0,,,38.7,0,2.9,0,0.8,0,1.56,0,21,0,,6.9,0,,29.5,0,
7/24/2025,17:15, ,0,Pellicer Creek,,9,-0.14,0,,,41.3,0,3.1,0,0.7,0,1.46,0,23,0,,6.8,0,,29.5,0,
7/24/2025,17:30, ,0,Pellicer Creek,,9.3,-0.15,0,,,43.8,0,3.3,0,0.7,0,1.45,0,20,0,,6.8,0,,29.6,0,
7/24/2025,17:45, ,0,Pellicer Creek,,9.2,-0.15,0,,,42.8,0,3.3,0,0.6,0,1.18,0,22,0,,6.8,0,,29.5,0,
7/24/2025,18:00, ,0,Pellicer Creek,,9.1,-0.14,0,,,38.4,0,2.9,0,0.6,0,1.27,0,19,0,,6.8,0,,29.4,0,
7/24/2025,18:15, ,0,Pellicer Creek,,9.3,-0.12,0,,,38.9,0,3,0,0.6,0,1.16,0,22,0,,6.8,0,,29.5,0,
7/24/2025,18:30, ,0,Pellicer Creek,,9.5,-0.1,0,,,44.6,0,3.4,0,0.9,0,1.86,0,22,0,,6.8,0,,29.6,0,
7/24/2025,18:45, ,0,Pellicer Creek,,9.5,-0.07,0,,,47.3,0,3.6,0,1,0,2,0,25,0,,6.8,0,,29.7,0,
7/24/2025,19:00, ,0,Pellicer Creek,,9.6,-0.05,0,,,51.2,0,3.9,0,1.1,0,2.17,0,23,0,,6.8,0,,29.9,0,
7/24/2025,19:15, ,0,Pellicer Creek,,9.9,-0.01,0,,,52.2,0,3.9,0,1.4,0,2.81,0,24,0,,6.9,0,,30,0,
7/24/2025,19:30, ,0,Pellicer Creek,,9.9,0.03,0,,,52.7,0,3.9,0,1.6,0,3.13,0,24,0,,6.9,0,,30.2,0,
7/24/2025,19:45, ,0,Pellicer Creek,,9.6,0.06,0,,,52,0,3.9,0,1.8,0,3.53,0,24,0,,6.9,0,,30.2,0,
7/24/2025,20:00, ,0,Pellicer Creek,,9.8,0.1,0,,,50.7,0,3.8,0,2.1,0,4.01,0,27,0,,6.9,0,,30.3,0,
7/24/2025,20:15, ,0,Pellicer Creek,,9.9,0.15,0,,,51.8,0,3.8,0,2.4,0,4.55,0,26,0,,6.9,0,,30.4,0,
7/24/2025,20:30, ,0,Pellicer Creek,,9.7,0.19,0,,,53.1,0,3.9,0,3,0,5.55,0,25,0,,6.9,0,,30.4,0,
7/24/2025,20:45, ,0,Pellicer Creek,,9.8,0.24,0,,,55.5,0,4.1,0,4,0,7.26,0,25,0,,7,0,,30.5,0,
7/24/2025,21:00, ,0,Pellicer Creek,,10.1,0.28,0,,,58.7,0,4.3,0,5.2,0,9.27,0,24,0,,7,0,,30.7,0,
7/24/2025,21:15, ,0,Pellicer Creek,,10.1,0.31,0,,,60.2,0,4.3,0,6.3,0,11.13,0,23,0,,7.1,0,,30.8,0,
7/24/2025,21:30, ,0,Pellicer Creek,,9.6,0.34,0,,,60.4,0,4.3,0,7.7,0,13.39,0,21,0,,7.1,0,,31,0,
7/24/2025,21:45, ,0,Pellicer Creek,,9.7,0.37,0,,,61.9,0,4.4,0,9.2,0,15.82,0,22,0,,7.1,0,,31.2,0,
7/24/2025,22:00, ,0,Pellicer Creek,,9.6,0.39,0,,,65.1,0,4.5,0,10.7,0,18.27,0,26,0,,7.2,0,,31.3,0,
7/24/2025,22:15, ,0,Pellicer Creek,,9.5,0.41,0,,,65.2,0,4.5,0,11.6,0,19.57,0,40,0,,7.3,0,,31.3,0,
7/24/2025,22:30, ,0,Pellicer Creek,,9.8,0.43,0,,,68.4,0,4.7,0,12.7,0,21.29,0,30,0,,7.3,0,,31.3,0,
7/24/2025,22:45, ,0,Pellicer Creek,,9.1,0.45,0,,,70.6,0,4.9,0,13.4,0,22.39,0,20,0,,7.4,0,,31.2,0,
7/24/2025,23:00, ,0,Pellicer Creek,,9.1,0.46,0,,,70.7,0,4.8,0,14.8,0,24.62,0,34,0,,7.4,0,,31.2,0,
7/24/2025,23:15, ,0,Pellicer Creek,,8.6,0.47,0,,,71.7,0,4.9,0,16.1,0,26.49,0,18,0,,7.4,0,,31.2,0,
7/24/2025,23:30, ,0,Pellicer Creek,,7.5,0.47,0,,,69.9,0,4.7,0,17,0,27.8,0,15,0,,7.5,0,,31.2,0,
7/24/2025,23:45, ,0,Pellicer Creek,,7.9,0.47,0,,,67.1,0,4.5,0,17.6,0,28.8,0,16,0,,7.5,0,,31.2,0,
7/25/2025,0:00, ,0,Pellicer Creek,,6.9,0.46,0,,,68.5,0,4.6,0,18.1,0,29.53,0,11,0,,7.5,0,,31.2,0,
7/25/2025,0:15, ,0,Pellicer Creek,,6,0.44,0,,,54.4,0,3.7,0,18.2,0,29.66,0,10,0,,7.4,0,,31.2,0,
7/25/2025,0:30, ,0,Pellicer Creek,,7.3,0.42,0,,,65.5,0,4.4,0,17.6,0,28.79,0,12,0,,7.4,0,,31.2,0,
7/25/2025,0:45, ,0,Pellicer Creek,,7.9,0.4,0,,,69.5,0,4.7,0,16.2,0,26.66,0,13,0,,7.5,0,,31.2,0,
7/25/2025,1:00, ,0,Pellicer Creek,,8.1,0.38,0,,,67.3,0,4.6,0,15.1,0,25.03,0,16,0,,7.4,0,,31.1,0,
7/25/2025,1:15, ,0,Pellicer Creek,,8.6,0.36,0,,,64.4,0,4.4,0,14,0,23.34,0,21,0,,7.4,0,,31.1,0,
7/25/2025,1:30, ,0,Pellicer Creek,,8.8,0.34,0,,,62.4,0,4.4,0,12.1,0,20.46,0,24,0,,7.3,0,,31,0,
7/25/2025,1:45, ,0,Pellicer Creek,,8.7,0.32,0,,,58.1,0,4.1,0,11,0,18.65,0,21,0,,7.2,0,,30.9,0,
7/25/2025,2:00, ,0,Pellicer Creek,,8.7,0.29,0,,,55.1,0,3.9,0,8.9,0,15.4,0,21,0,,7.2,0,,30.7,0,
7/25/2025,2:15, ,0,Pellicer Creek,,8.8,0.27,0,,,53.2,0,3.8,0,7.9,0,13.85,0,22,0,,7.1,0,,30.5,0,
7/25/2025,2:30, ,0,Pellicer Creek,,9,0.24,0,,,52.3,0,3.8,0,6.8,0,11.99,0,22,0,,7.1,0,,30.3,0,
7/25/2025,2:45, ,0,Pellicer Creek,,9.1,0.21,0,,,50.5,0,3.7,0,5.9,0,10.43,0,25,0,,7,0,,30.1,0,
7/25/2025,3:00, ,0,Pellicer Creek,,9.2,0.19,0,,,49,0,3.6,0,5,0,9,0,26,0,,7,0,,30,0,
7/25/2025,3:15, ,0,Pellicer Creek,,9.3,0.16,0,,,47.5,0,3.5,0,4.2,0,7.66,0,24,0,,7,0,,29.8,0,
7/25/2025,3:30, ,0,Pellicer Creek,,9.3,0.14,0,,,47.7,0,3.6,0,3.6,0,6.66,0,26,0,,7,0,,29.7,0,
7/25/2025,3:45, ,0,Pellicer Creek,,9.5,0.11,0,,,46.9,0,3.5,0,2.9,0,5.47,0,27,0,,6.9,0,,29.5,0,
7/25/2025,4:00, ,0,Pellicer Creek,,9.6,0.09,0,,,45.9,0,3.5,0,2.5,0,4.69,0,25,0,,6.9,0,,29.3,0,
7/25/2025,4:15, ,0,Pellicer Creek,,9.6,0.07,0,,,45.4,0,3.4,0,2.1,0,3.92,0,26,0,,6.9,0,,29.1,0,
7/25/2025,4:30, ,0,Pellicer Creek,,9.8,0.05,0,,,44.7,0,3.4,0,1.7,0,3.23,0,24,0,,6.9,0,,29,0,
7/25/2025,4:45, ,0,Pellicer Creek,,9.8,0.03,0,,,44.4,0,3.4,0,1.4,0,2.76,0,24,0,,6.9,0,,28.8,0,
7/25/2025,5:00, ,0,Pellicer Creek,,9.9,0,0,,,43.2,0,3.3,0,1.2,0,2.37,0,22,0,,6.9,0,,28.7,0,
7/25/2025,5:15, ,0,Pellicer Creek,,10,-0.02,0,,,41.1,0,3.2,0,1.1,0,2.1,0,21,0,,6.9,0,,28.6,0,
7/25/2025,5:30, ,0,Pellicer Creek,,10,-0.04,0,,,42.2,0,3.3,0,0.9,0,1.78,0,20,0,,6.8,0,,28.5,0,
7/25/2025,5:45, ,0,Pellicer Creek,,10.1,-0.05,0,,,42.1,0,3.3,0,0.8,0,1.53,0,19,0,,6.8,0,,28.4,0,
7/25/2025,6:00, ,0,Pellicer Creek,,9.9,-0.07,0,,,40.6,0,3.2,0,0.7,0,1.45,0,19,0,,6.8,0,,28.3,0,
7/25/2025,6:15, ,0,Pellicer Creek,,10,-0.08,0,,,40.7,0,3.2,0,0.7,0,1.36,0,18,0,,6.8,0,,28.3,0,
7/25/2025,6:30, ,0,Pellicer Creek,,10.2,-0.09,0,,,41.1,0,3.2,0,0.6,0,1.21,0,17,0,,6.8,0,,28.2,0,
7/25/2025,6:45, ,0,Pellicer Creek,,10.3,-0.09,0,,,39.9,0,3.1,0,0.6,0,1.12,0,16,0,,6.8,0,,28.1,0,
7/25/2025,7:00, ,0,Pellicer Creek,,10.2,-0.1,0,,,38.6,0,3,0,0.5,0,1.05,0,16,0,,6.8,0,,28.1,0,
7/25/2025,7:15, ,0,Pellicer Creek,,10.1,-0.08,0,,,35.1,0,2.7,0,0.5,0,1,0,16,0,,6.8,0,,28.1,0,
7/25/2025,7:30, ,0,Pellicer Creek,,10.6,-0.06,0,,,41.5,0,3.2,0,0.6,0,1.18,0,18,0,,6.8,0,,28.1,0,
7/25/2025,7:45, ,0,Pellicer Creek,,10.4,-0.04,0,,,42.1,0,3.3,0,0.8,0,1.63,0,22,0,,6.8,0,,28.2,0,
7/25/2025,8:00, ,0,Pellicer Creek,,10.4,-0.01,0,,,42.9,0,3.3,0,1.1,0,2.11,0,20,0,,6.8,0,,28.3,0,
7/25/2025,8:15, ,0,Pellicer Creek,,10.5,0.03,0,,,42.1,0,3.2,0,1.7,0,3.33,0,24,0,,6.8,0,,28.6,0,
7/25/2025,8:30, ,0,Pellicer Creek,,10.4,0.06,0,,,44.1,0,3.4,0,2.4,0,4.53,0,25,0,,6.8,0,,28.9,0,
7/25/2025,8:45, ,0,Pellicer Creek,,10.2,0.1,0,,,42.3,0,3.2,0,2.2,0,4.13,0,24,0,,6.8,0,,28.9,0,
7/25/2025,9:00, ,0,Pellicer Creek,,10.3,0.14,0,,,40.9,0,3.1,0,2.9,0,5.44,0,26,0,,6.8,0,,29,0,
7/25/2025,9:15, ,0,Pellicer Creek,,10.3,0.17,0,,,43.2,0,3.3,0,2.8,0,5.32,0,26,0,,6.8,0,,29.1,0,
7/25/2025,9:30, ,0,Pellicer Creek,,10.2,0.2,0,,,44.3,0,3.3,0,3,0,5.58,0,24,0,,6.9,0,,29.3,0,
7/25/2025,9:45, ,0,Pellicer Creek,,10.1,0.23,0,,,45.2,0,3.4,0,3.8,0,6.96,0,22,0,,6.9,0,,29.5,0,
7/25/2025,10:00, ,0,Pellicer Creek,,9.9,0.27,0,,,44,0,3.2,0,5.8,0,10.27,0,20,0,,6.9,0,,29.8,0,
7/25/2025,10:15, ,0,Pellicer Creek,,9.1,0.29,0,,,42.4,0,3.1,0,8.1,0,14.13,0,19,0,,7,0,,30,0,
7/25/2025,10:30, ,0,Pellicer Creek,,9.7,0.31,0,,,44.6,0,3.2,0,8.3,0,14.42,0,20,0,,7,0,,30.2,0,
7/25/2025,10:45, ,0,Pellicer Creek,,9.3,0.32,0,,,47.1,0,3.4,0,9.1,0,15.64,0,19,0,,7,0,,30.5,0,
7/25/2025,11:00, ,0,Pellicer Creek,,9.6,0.33,0,,,52.1,0,3.7,0,9.3,0,15.96,0,17,0,,7.1,0,,31,0,
7/25/2025,11:15, ,0,Pellicer Creek,,9.1,0.34,0,,,49.6,0,3.5,0,11.7,0,19.72,0,17,0,,7.1,0,,30.9,0,
7/25/2025,11:30, ,0,Pellicer Creek,,7.4,0.34,0,,,39.1,0,2.7,0,13.3,0,22.21,0,11,0,,7.1,0,,30.6,0,
7/25/2025,11:45, ,0,Pellicer Creek,,8.5,0.33,0,,,47.6,0,3.3,0,11.7,0,19.79,0,14,0,,7.1,0,,31,0,
7/25/2025,12:00, ,0,Pellicer Creek,,6.4,0.32,0,,,29.6,0,2.1,0,14.1,0,23.42,0,10,0,,7.1,0,,30.6,0,
7/25/2025,12:15, ,0,Pellicer Creek,,6.9,0.3,0,,,33.6,0,2.3,0,14.5,0,24,0,13,0,,7.1,0,,30.4,0,
7/25/2025,12:30, ,0,Pellicer Creek,,7.8,0.28,0,,,39.5,0,2.8,0,12.6,0,21.15,0,12,0,,7.1,0,,30.5,0,
7/25/2025,12:45, ,0,Pellicer Creek,,8.2,0.25,0,,,41.8,0,3,0,10.5,0,17.94,0,16,0,,7.1,0,,30.7,0,
7/25/2025,13:00, ,0,Pellicer Creek,,9.1,0.23,0,,,43.4,0,3.1,0,8.2,0,14.31,0,19,0,,7,0,,30.5,0,
7/25/2025,13:15, ,0,Pellicer Creek,,9.3,0.21,0,,,42.5,0,3.1,0,7,0,12.36,0,19,0,,7,0,,30.5,0,
7/25/2025,13:30, ,0,Pellicer Creek,,9.8,0.19,0,,,44.1,0,3.2,0,5,0,9.04,0,21,0,,6.9,0,,30.4,0,
7/25/2025,13:45, ,0,Pellicer Creek,,10,0.16,0,,,43.4,0,3.2,0,5.2,0,9.32,0,21,0,,6.9,0,,30.3,0,
7/25/2025,14:00, ,0,Pellicer Creek,,9.9,0.14,0,,,43.2,0,3.2,0,3.9,0,7.2,0,22,0,,6.9,0,,30.3,0,
7/25/2025,14:15, ,0,Pellicer Creek,,10,0.11,0,,,45.9,0,3.4,0,3.8,0,7.05,0,22,0,,6.9,0,,30.4,0,
7/25/2025,14:30, ,0,Pellicer Creek,,9.9,0.09,0,,,42.7,0,3.1,0,3.9,0,7.17,0,20,0,,6.9,0,,30.3,0,
7/25/2025,14:45, ,0,Pellicer Creek,,9.9,0.07,0,,,42.9,0,3.2,0,3.1,0,5.8,0,17,0,,6.9,0,,30.3,0,
7/25/2025,15:00, ,0,Pellicer Creek,,10,0.04,0,,,42.6,0,3.2,0,3.1,0,5.74,0,19,0,,6.9,0,,30.4,0,
7/25/2025,15:15, ,0,Pellicer Creek,,10.1,0.02,0,,,44.4,0,3.3,0,2.4,0,4.55,0,19,0,,6.8,0,,30.4,0,
7/25/2025,15:30, ,0,Pellicer Creek,,10.3,0,0,,,45.9,0,3.4,0,2.1,0,3.96,0,19,0,,6.8,0,,30.4,0,
7/25/2025,15:45, ,0,Pellicer Creek,,10.1,-0.02,0,,,45.1,0,3.4,0,2,0,3.88,0,17,0,,6.8,0,,30.5,0,
7/25/2025,16:00, ,0,Pellicer Creek,,10.2,-0.04,0,,,42.1,0,3.1,0,1.5,0,2.98,0,15,0,,6.8,0,,30.4,0,
7/25/2025,16:15, ,0,Pellicer Creek,,10.4,-0.06,0,,,46.9,0,3.5,0,1.3,0,2.62,0,16,0,,6.8,0,,30.4,0,
7/25/2025,16:30, ,0,Pellicer Creek,,10.2,-0.08,0,,,44.5,0,3.3,0,0.9,0,1.77,0,15,0,,6.8,0,,30.4,0,
7/25/2025,16:45, ,0,Pellicer Creek,,10.4,-0.1,0,,,45.8,0,3.4,0,0.8,0,1.63,0,14,0,,6.8,0,,30.3,0,
7/25/2025,17:00, ,0,Pellicer Creek,,10.2,-0.11,0,,,41.9,0,3.1,0,0.7,0,1.46,0,15,0,,6.8,0,,30.3,0,
7/25/2025,17:15, ,0,Pellicer Creek,,10.3,-0.13,0,,,45.3,0,3.4,0,0.7,0,1.46,0,13,0,,6.8,0,,30.3,0,
7/25/2025,17:30, ,0,Pellicer Creek,,10.5,-0.14,0,,,45.9,0,3.5,0,0.6,0,1.12,0,13,0,,6.8,0,,30.3,0,
7/25/2025,17:45, ,0,Pellicer Creek,,10.2,-0.16,0,,,44.5,0,3.3,0,0.6,0,1.21,0,21,0,,6.8,0,,30.3,0,
7/25/2025,18:00, ,0,Pellicer Creek,,10.2,-0.17,0,,,44.3,0,3.3,0,0.6,0,1.13,0,12,0,,6.8,0,,30.3,0,
7/25/2025,18:15, ,0,Pellicer Creek,,10.5,-0.18,0,,,47,0,3.5,0,0.5,0,0.97,0,13,0,,6.7,0,,30.3,0,
7/25/2025,18:30, ,0,Pellicer Creek,,10.4,-0.19,0,,,45.6,0,3.4,0,0.4,0,0.89,0,12,0,,6.7,0,,30.2,0,
7/25/2025,18:45, ,0,Pellicer Creek,,10.4,-0.19,0,,,40.5,0,3,0,0.6,0,1.11,0,11,0,,6.7,0,,30.1,0,
7/25/2025,19:00, ,0,Pellicer Creek,,10.1,-0.17,0,,,38.9,0,2.9,0,0.5,0,0.93,0,12,0,,6.7,0,,30.2,0,
7/25/2025,19:15, ,0,Pellicer Creek,,10.4,-0.15,0,,,45.6,0,3.4,0,0.4,0,0.88,0,13,0,,6.7,0,,30.2,0,
7/25/2025,19:30, ,0,Pellicer Creek,,11,-0.13,0,,,54.5,0,4.1,0,0.9,0,1.86,0,18,0,,6.8,0,,30.6,0,
7/25/2025,19:45, ,0,Pellicer Creek,,10.7,-0.1,0,,,50.8,0,3.8,0,0.7,0,1.48,0,15,0,,6.7,0,,30.3,0,
7/25/2025,20:00, ,0,Pellicer Creek,,10.8,-0.07,0,,,54.2,0,4.1,0,0.9,0,1.84,0,17,0,,6.8,0,,30.4,0,
7/25/2025,20:15, ,0,Pellicer Creek,,10.8,-0.03,0,,,55.9,0,4.2,0,1.2,0,2.35,0,16,0,,6.8,0,,30.5,0,
7/25/2025,20:30, ,0,Pellicer Creek,,11,0,0,,,56.5,0,4.2,0,1.4,0,2.64,0,16,0,,6.8,0,,30.7,0,
7/25/2025,20:45, ,0,Pellicer Creek,,11,0.04,0,,,55.7,0,4.1,0,1.5,0,2.85,0,24,0,,6.8,0,,30.6,0,
7/25/2025,21:00, ,0,Pellicer Creek,,10.9,0.08,0,,,55,0,4.1,0,1.8,0,3.41,0,19,0,,6.8,0,,30.8,0,
7/25/2025,21:15, ,0,Pellicer Creek,,11,0.12,0,,,56.5,0,4.2,0,2.1,0,4.05,0,19,0,,6.8,0,,30.8,0,
7/25/2025,21:30, ,0,Pellicer Creek,,10.7,0.17,0,,,56.6,0,4.2,0,2.6,0,4.9,0,20,0,,6.9,0,,30.8,0,
7/25/2025,21:45, ,0,Pellicer Creek,,10.7,0.21,0,,,56.8,0,4.1,0,4.4,0,8.07,0,22,0,,6.9,0,,31,0,
7/25/2025,22:00, ,0,Pellicer Creek,,10.6,0.25,0,,,60.1,0,4.3,0,5.5,0,9.91,0,18,0,,7,0,,31.2,0,
7/25/2025,22:15, ,0,Pellicer Creek,,10.2,0.29,0,,,59.3,0,4.2,0,6.4,0,11.38,0,18,0,,7,0,,31.4,0,
7/25/2025,22:30, ,0,Pellicer Creek,,10.4,0.32,0,,,61.5,0,4.4,0,7.4,0,12.97,0,21,0,,7.1,0,,31.6,0,
7/25/2025,22:45, ,0,Pellicer Creek,,10.2,0.34,0,,,61.8,0,4.4,0,8,0,14.01,0,18,0,,7.1,0,,31.5,0,
7/25/2025,23:00, ,0,Pellicer Creek,,10,0.37,0,,,63.1,0,4.4,0,9.4,0,16.23,0,23,0,,7.2,0,,31.6,0,
7/25/2025,23:15, ,0,Pellicer Creek,,9.7,0.39,0,,,64.2,0,4.5,0,10.2,0,17.46,0,22,0,,7.2,0,,31.6,0,
7/25/2025,23:30, ,0,Pellicer Creek,,9.6,0.4,0,,,64.7,0,4.5,0,11.3,0,19.21,0,24,0,,7.3,0,,31.6,0,
7/25/2025,23:45, ,0,Pellicer Creek,,9,0.41,0,,,63.2,0,4.3,0,12.5,0,21.06,0,30,0,,7.3,0,,31.7,0,
7/26/2025,0:00, ,0,Pellicer Creek,,8.2,0.42,0,,,63.4,0,4.3,0,14.2,0,23.64,0,21,0,,7.4,0,,31.8,0,
7/26/2025,0:15, ,0,Pellicer Creek,,7.7,0.43,0,,,64.3,0,4.3,0,15.1,0,25.05,0,23,0,,7.4,0,,31.8,0,
7/26/2025,0:30, ,0,Pellicer Creek,,8.3,0.43,0,,,63.3,0,4.3,0,15.7,0,25.99,0,19,0,,7.4,0,,31.7,0,
7/26/2025,0:45, ,0,Pellicer Creek,,7.2,0.42,0,,,61.3,0,4.1,0,16.5,0,27.18,0,15,0,,7.4,0,,31.7,0,
7/26/2025,1:00, ,0,Pellicer Creek,,6.3,0.4,0,,,51.2,0,3.4,0,16.4,0,27.03,0,13,0,,7.3,0,,31.7,0,
7/26/2025,1:15, ,0,Pellicer Creek,,6.7,0.39,0,,,57.5,0,3.9,0,15.9,0,26.28,0,11,0,,7.4,0,,31.7,0,
7/26/2025,1:30, ,0,Pellicer Creek,,7.5,0.37,0,,,60.4,0,4.1,0,14.8,0,24.57,0,12,0,,7.4,0,,31.7,0,
7/26/2025,1:45, ,0,Pellicer Creek,,7.4,0.35,0,,,57.8,0,3.9,0,13.9,0,23.25,0,16,0,,7.3,0,,31.6,0,
7/26/2025,2:00, ,0,Pellicer Creek,,8.9,0.33,0,,,59.6,0,4.2,0,10.7,0,18.26,0,19,0,,7.2,0,,31.4,0,
7/26/2025,2:15, ,0,Pellicer Creek,,9.3,0.3,0,,,58.8,0,4.1,0,9.9,0,16.91,0,21,0,,7.2,0,,31.3,0,
7/26/2025,2:30, ,0,Pellicer Creek,,9.5,0.28,0,,,56.8,0,4,0,9,0,15.47,0,27,0,,7.2,0,,31.1,0,
7/26/2025,2:45, ,0,Pellicer Creek,,9.8,0.25,0,,,55.2,0,3.9,0,7.5,0,13.1,0,21,0,,7.1,0,,31,0,
7/26/2025,3:00, ,0,Pellicer Creek,,10,0.23,0,,,53.2,0,3.8,0,6.4,0,11.34,0,23,0,,7.1,0,,30.8,0,
7/26/2025,3:15, ,0,Pellicer Creek,,9.9,0.2,0,,,51,0,3.7,0,5.6,0,10.02,0,19,0,,7,0,,30.6,0,
7/26/2025,3:30, ,0,Pellicer Creek,,10.1,0.17,0,,,50.8,0,3.7,0,4.8,0,8.74,0,21,0,,7,0,,30.4,0,
7/26/2025,3:45, ,0,Pellicer Creek,,10.2,0.15,0,,,49.8,0,3.7,0,4.1,0,7.42,0,20,0,,7,0,,30.2,0,
7/26/2025,4:00, ,0,Pellicer Creek,,10.5,0.12,0,,,48.6,0,3.6,0,3.5,0,6.5,0,18,0,,6.9,0,,30.1,0,
7/26/2025,4:15, ,0,Pellicer Creek,,10.8,0.1,0,,,48.9,0,3.6,0,3,0,5.6,0,19,0,,6.9,0,,30,0,
7/26/2025,4:30, ,0,Pellicer Creek,,10.8,0.08,0,,,46.2,0,3.5,0,2.5,0,4.74,0,17,0,,6.9,0,,29.8,0,
7/26/2025,4:45, ,0,Pellicer Creek,,10.8,0.05,0,,,45.9,0,3.5,0,2.2,0,4.08,0,17,0,,6.9,0,,29.7,0,
7/26/2025,5:00, ,0,Pellicer Creek,,11,0.03,0,,,45.2,0,3.4,0,1.8,0,3.39,0,16,0,,6.9,0,,29.6,0,
7/26/2025,5:15, ,0,Pellicer Creek,,10.9,0.01,0,,,43.2,0,3.3,0,1.5,0,2.87,0,14,0,,6.8,0,,29.4,0,
7/26/2025,5:30, ,0,Pellicer Creek,,11,-0.01,0,,,44,0,3.3,0,1.3,0,2.54,0,15,0,,6.8,0,,29.3,0,
7/26/2025,5:45, ,0,Pellicer Creek,,11.1,-0.03,0,,,42.1,0,3.2,0,1.1,0,2.22,0,15,0,,6.8,0,,29.2,0,
7/26/2025,6:00, ,0,Pellicer Creek,,11.2,-0.05,0,,,42.3,0,3.2,0,1,0,1.96,0,14,0,,6.8,0,,29.2,0,
7/26/2025,6:15, ,0,Pellicer Creek,,11,-0.07,0,,,42.5,0,3.3,0,0.9,0,1.69,0,15,0,,6.8,0,,29.1,0,
7/26/2025,6:30, ,0,Pellicer Creek,,11.1,-0.08,0,,,43,0,3.3,0,0.8,0,1.5,0,13,0,,6.8,0,,29,0,
7/26/2025,6:45, ,0,Pellicer Creek,,11.2,-0.09,0,,,41,0,3.1,0,0.7,0,1.38,0,14,0,,6.8,0,,28.9,0,
7/26/2025,7:00, ,0,Pellicer Creek,,11.2,-0.11,0,,,41.5,0,3.2,0,0.6,0,1.28,0,12,0,,6.8,0,,28.9,0,
7/26/2025,7:15, ,0,Pellicer Creek,,11.2,-0.12,0,,,40.7,0,3.1,0,0.6,0,1.15,0,14,0,,6.8,0,,28.8,0,
7/26/2025,7:30, ,0,Pellicer Creek,,11,-0.12,0,,,39.2,0,3,0,0.5,0,1.07,0,13,0,,6.7,0,,28.8,0,
7/26/2025,7:45, ,0,Pellicer Creek,,11.3,-0.13,0,,,38.6,0,3,0,0.5,0,1.11,0,12,0,,6.7,0,,28.8,0,
7/26/2025,8:00, ,0,Pellicer Creek,,10.7,-0.12,0,,,34.3,0,2.6,0,0.6,0,1.14,0,12,0,,6.8,0,,28.8,0,
7/26/2025,8:15, ,0,Pellicer Creek,,11.2,-0.1,0,,,41.7,0,3.2,0,0.6,0,1.28,0,14,0,,6.7,0,,28.8,0,
7/26/2025,8:30, ,0,Pellicer Creek,,11.2,-0.07,0,,,42.4,0,3.3,0,0.7,0,1.34,0,14,0,,6.7,0,,28.8,0,
7/26/2025,8:45, ,0,Pellicer Creek,,11.2,-0.05,0,,,44.2,0,3.4,0,1,0,2,0,16,0,,6.7,0,,29,0,
7/26/2025,9:00, ,0,Pellicer Creek,,11.2,-0.02,0,,,44.9,0,3.4,0,1.9,0,3.62,0,17,0,,6.8,0,,29.2,0,
7/26/2025,9:15, ,0,Pellicer Creek,,11.1,0.02,0,,,46.1,0,3.5,0,2.4,0,4.49,0,19,0,,6.8,0,,29.5,0,
7/26/2025,9:30, ,0,Pellicer Creek,,11.1,0.05,0,,,45.4,0,3.4,0,2.5,0,4.7,0,17,0,,6.8,0,,29.6,0,
7/26/2025,9:45, ,0,Pellicer Creek,,11,0.08,0,,,44.4,0,3.3,0,2.7,0,5.1,0,18,0,,6.8,0,,29.7,0,
7/26/2025,10:00, ,0,Pellicer Creek,,11.1,0.12,0,,,45.8,0,3.4,0,2.9,0,5.46,0,18,0,,6.8,0,,29.8,0,
7/26/2025,10:15, ,0,Pellicer Creek,,11,0.15,0,,,44.7,0,3.3,0,3.5,0,6.41,0,18,0,,6.8,0,,29.9,0,
7/26/2025,10:30, ,0,Pellicer Creek,,10.8,0.19,0,,,46.1,0,3.4,0,3.5,0,6.54,0,16,0,,6.8,0,,30.2,0,
7/26/2025,10:45, ,0,Pellicer Creek,,10.4,0.22,0,,,46.9,0,3.4,0,5.9,0,10.48,0,18,0,,6.9,0,,30.7,0,
7/26/2025,11:00, ,0,Pellicer Creek,,9.9,0.26,0,,,43.6,0,3.1,0,7.1,0,12.56,0,15,0,,6.9,0,,30.8,0,
7/26/2025,11:15, ,0,Pellicer Creek,,9.6,0.28,0,,,43.5,0,3.1,0,10,0,17.08,0,16,0,,7,0,,31,0,
7/26/2025,11:30, ,0,Pellicer Creek,,9.1,0.3,0,,,45.2,0,3.2,0,10.7,0,18.25,0,16,0,,7.1,0,,31.3,0,
7/26/2025,11:45, ,0,Pellicer Creek,,10.2,0.31,0,,,52.1,0,3.6,0,11.3,0,19.18,0,16,0,,7.1,0,,31.9,0,
7/26/2025,12:00, ,0,Pellicer Creek,,8.9,0.32,0,,,46.9,0,3.2,0,14.4,0,23.92,0,16,0,,7.2,0,,31.6,0,
7/26/2025,12:15, ,0,Pellicer Creek,,7.7,0.32,0,,,45.2,0,3,0,16.3,0,26.8,0,12,0,,7.2,0,,31.7,0,
7/26/2025,12:30, ,0,Pellicer Creek,,7.6,0.31,0,,,46.1,0,3.1,0,18.1,0,29.56,0,16,0,,7.3,0,,31.7,0,
7/26/2025,12:45, ,0,Pellicer Creek,,6.9,0.3,0,,,39.8,0,2.6,0,18.9,0,30.61,0,13,0,,7.3,0,,31.7,0,
7/26/2025,13:00, ,0,Pellicer Creek,,6.5,0.29,0,,,37.1,0,2.5,0,19.5,0,31.59,0,15,0,,7.3,0,,31.6,0,
7/26/2025,13:15, ,0,Pellicer Creek,,6.1,0.27,0,,,36.8,0,2.4,0,20.3,0,32.69,0,14,0,,7.3,0,,31.5,0,
7/26/2025,13:30, ,0,Pellicer Creek,,7.2,0.24,0,,,41.9,0,2.8,0,19.2,0,31.04,0,16,0,,7.3,0,,31.4,0,
7/26/2025,13:45, ,0,Pellicer Creek,,7.5,0.22,0,,,42.2,0,2.8,0,17.9,0,29.21,0,17,0,,7.3,0,,31.4,0,
7/26/2025,14:00, ,0,Pellicer Creek,,7.8,0.2,0,,,41.4,0,2.8,0,16.8,0,27.62,0,16,0,,7.2,0,,31.3,0,
7/26/2025,14:15, ,0,Pellicer Creek,,9.6,0.18,0,,,46.1,0,3.2,0,10.8,0,18.36,0,19,0,,7.1,0,,31.5,0,
7/26/2025,14:30, ,0,Pellicer Creek,,8.9,0.15,0,,,42.8,0,3,0,11,0,18.64,0,17,0,,7.1,0,,31.2,0,
7/26/2025,14:45, ,0,Pellicer Creek,,8.5,0.12,0,,,43.8,0,3,0,13.6,0,22.7,0,16,0,,7.1,0,,31.2,0,
7/26/2025,15:00, ,0,Pellicer Creek,,9.7,0.1,0,,,44.7,0,3.2,0,8.2,0,14.22,0,18,0,,7,0,,31.3,0,
7/26/2025,15:15, ,0,Pellicer Creek,,9.7,0.07,0,,,43.9,0,3.1,0,9.7,0,16.67,0,16,0,,7,0,,31.3,0,
7/26/2025,15:30, ,0,Pellicer Creek,,10.3,0.05,0,,,44.9,0,3.2,0,6.3,0,11.1,0,17,0,,7,0,,31.4,0,
7/26/2025,15:45, ,0,Pellicer Creek,,10.4,0.03,0,,,43.2,0,3.1,0,5.9,0,10.6,0,18,0,,6.9,0,,31.3,0,
7/26/2025,16:00, ,0,Pellicer Creek,,10.3,0,0,,,43.8,0,3.1,0,6.3,0,11.17,0,15,0,,6.9,0,,31.3,0,
7/26/2025,16:15, ,0,Pellicer Creek,,10.4,-0.02,0,,,42.2,0,3,0,5.1,0,9.13,0,14,0,,6.9,0,,31.4,0,
7/26/2025,16:30, ,0,Pellicer Creek,,10.9,-0.03,0,,,44.3,0,3.2,0,4.1,0,7.42,0,14,0,,6.8,0,,31.3,0,
7/26/2025,16:45, ,0,Pellicer Creek,,11,-0.05,0,,,45.2,0,3.3,0,3.6,0,6.56,0,15,0,,6.8,0,,31.3,0,
7/26/2025,17:00, ,0,Pellicer Creek,,11,-0.07,0,,,46.2,0,3.3,0,3.4,0,6.36,0,13,0,,6.8,0,,31.5,0,
7/26/2025,17:15, ,0,Pellicer Creek,,11,-0.1,0,,,43.6,0,3.2,0,3.3,0,6.11,0,16,0,,6.8,0,,31.4,0,
7/26/2025,17:30, ,0,Pellicer Creek,,11.1,-0.11,0,,,46.2,0,3.4,0,2.7,0,5.06,0,12,0,,6.8,0,,31.5,0,
7/26/2025,17:45, ,0,Pellicer Creek,,11.2,-0.13,0,,,45,0,3.3,0,2.1,0,4.06,0,13,0,,6.8,0,,31.3,0,
7/26/2025,18:00, ,0,Pellicer Creek,,11.2,-0.14,0,,,45.5,0,3.3,0,2.4,0,4.53,0,13,0,,6.8,0,,31.3,0,
7/26/2025,18:15, ,0,Pellicer Creek,,11.3,-0.16,0,,,46,0,3.4,0,1.6,0,3.16,0,16,0,,6.8,0,,31.3,0,
7/26/2025,18:30, ,0,Pellicer Creek,,11.3,-0.17,0,,,46.5,0,3.4,0,1.6,0,3.06,0,13,0,,6.8,0,,31.4,0,
7/26/2025,18:45, ,0,Pellicer Creek,,11.3,-0.18,0,,,45.8,0,3.4,0,1.4,0,2.72,0,12,0,,6.7,0,,31.2,0,
7/26/2025,19:00, ,0,Pellicer Creek,,11.1,-0.19,0,,,44.2,0,3.3,0,1.4,0,2.73,0,12,0,,6.7,0,,31.2,0,
7/26/2025,19:15, ,0,Pellicer Creek,,11.1,-0.2,0,,,44.1,0,3.2,0,1.3,0,2.61,0,13,0,,6.7,0,,31.2,0,
7/26/2025,19:30, ,0,Pellicer Creek,,11.3,-0.2,0,,,43.4,0,3.2,0,1.1,0,2.15,0,11,0,,6.7,0,,31.1,0,
7/26/2025,19:45, ,0,Pellicer Creek,,11,-0.18,0,,,36.1,0,2.7,0,0.8,0,1.52,0,11,0,,6.8,0,,31.1,0,
7/26/2025,20:00, ,0,Pellicer Creek,,11.3,-0.16,0,,,44.2,0,3.3,0,0.7,0,1.4,0,11,0,,6.7,0,,31.1,0,
7/26/2025,20:15, ,0,Pellicer Creek,,11.4,-0.14,0,,,46.4,0,3.4,0,1.2,0,2.27,0,12,0,,6.7,0,,31.4,0,
7/26/2025,20:30, ,0,Pellicer Creek,,11.5,-0.12,0,,,48.5,0,3.6,0,1,0,1.89,0,14,0,,6.7,0,,31.2,0,
7/26/2025,20:45, ,0,Pellicer Creek,,11.5,-0.09,0,,,49.7,0,3.7,0,1.2,0,2.45,0,14,0,,6.7,0,,31.3,0,
7/26/2025,21:00, ,0,Pellicer Creek,,11.6,-0.05,0,,,50.8,0,3.7,0,2.1,0,4.03,0,15,0,,6.8,0,,31.7,0,
7/26/2025,21:15, ,0,Pellicer Creek,,11.5,-0.01,0,,,50,0,3.7,0,1.9,0,3.6,0,14,0,,6.8,0,,31.5,0,
7/26/2025,21:30, ,0,Pellicer Creek,,11.5,0.02,0,,,50.1,0,3.7,0,2.2,0,4.13,0,12,0,,6.8,0,,31.5,0,
7/26/2025,21:45, ,0,Pellicer Creek,,11.4,0.06,0,,,50.9,0,3.7,0,2.8,0,5.19,0,14,0,,6.8,0,,31.5,0,
7/26/2025,22:00, ,0,Pellicer Creek,,11.3,0.1,0,,,49.9,0,3.6,0,3.5,0,6.5,0,14,0,,6.8,0,,31.7,0,
7/26/2025,22:15, ,0,Pellicer Creek,,10.9,0.14,0,,,49.6,0,3.5,0,5.1,0,9.14,0,14,0,,6.9,0,,31.8,0,
7/26/2025,22:30, ,0,Pellicer Creek,,10.7,0.19,0,,,50.8,0,3.6,0,6.8,0,11.99,0,17,0,,6.9,0,,31.9,0,
7/26/2025,22:45, ,0,Pellicer Creek,,10.7,0.23,0,,,53.3,0,3.7,0,8.2,0,14.22,0,21,0,,7,0,,32,0,
7/26/2025,23:00, ,0,Pellicer Creek,,10.6,0.27,0,,,54.6,0,3.8,0,8.7,0,15.03,0,20,0,,7,0,,32.1,0,
7/26/2025,23:15, ,0,Pellicer Creek,,10.6,0.3,0,,,54.6,0,3.8,0,8.7,0,15.01,0,17,0,,7.1,0,,32,0,
7/26/2025,23:30, ,0,Pellicer Creek,,10.1,0.32,0,,,55.7,0,3.9,0,9.5,0,16.29,0,14,0,,7.1,0,,32,0,
7/26/2025,23:45, ,0,Pellicer Creek,,10.1,0.34,0,,,55.8,0,3.9,0,9.8,0,16.89,0,14,0,,7.1,0,,32,0,
7/27/2025,0:00, ,0,Pellicer Creek,,9.6,0.36,0,,,55.8,0,3.8,0,11.4,0,19.4,0,31,0,,7.2,0,,32.1,0,
7/27/2025,0:15, ,0,Pellicer Creek,,8.7,0.37,0,,,56.4,0,3.8,0,12.7,0,21.29,0,27,0,,7.2,0,,32.1,0,
7/27/2025,0:30, ,0,Pellicer Creek,,8.5,0.38,0,,,57.3,0,3.9,0,14.1,0,23.52,0,37,0,,7.3,0,,32.2,0,
7/27/2025,0:45, ,0,Pellicer Creek,,7.4,0.39,0,,,57.8,0,3.9,0,14.8,0,24.55,0,16,0,,7.3,0,,32.2,0,
7/27/2025,1:00, ,0,Pellicer Creek,,7.4,0.39,0,,,55.1,0,3.7,0,15.7,0,25.97,0,16,0,,7.3,0,,32.2,0,
7/27/2025,1:15, ,0,Pellicer Creek,,7.2,0.39,0,,,54.6,0,3.7,0,15.8,0,26.08,0,12,0,,7.3,0,,32.2,0,
7/27/2025,1:30, ,0,Pellicer Creek,,7.1,0.38,0,,,56.7,0,3.8,0,16.8,0,27.62,0,13,0,,7.3,0,,32.2,0,
7/27/2025,1:45, ,0,Pellicer Creek,,6.1,0.36,0,,,44.4,0,3,0,16.7,0,27.4,0,11,0,,7.3,0,,32.2,0,
7/27/2025,2:00, ,0,Pellicer Creek,,7.4,0.34,0,,,52.1,0,3.5,0,15.8,0,26.15,0,11,0,,7.3,0,,32.1,0,
7/27/2025,2:15, ,0,Pellicer Creek,,8.1,0.32,0,,,56.3,0,3.8,0,14.4,0,23.94,0,13,0,,7.3,0,,32.1,0,
7/27/2025,2:30, ,0,Pellicer Creek,,8.9,0.3,0,,,57.3,0,3.9,0,14.1,0,23.47,0,20,0,,7.3,0,,32.1,0,
7/27/2025,2:45, ,0,Pellicer Creek,,9.2,0.28,0,,,53.4,0,3.7,0,11.7,0,19.74,0,20,0,,7.2,0,,31.9,0,
7/27/2025,3:00, ,0,Pellicer Creek,,9.5,0.25,0,,,51.4,0,3.6,0,10.3,0,17.68,0,19,0,,7.1,0,,31.7,0,
7/27/2025,3:15, ,0,Pellicer Creek,,10.1,0.22,0,,,50,0,3.5,0,9.4,0,16.26,0,24,0,,7.1,0,,31.5,0,
7/27/2025,3:30, ,0,Pellicer Creek,,10.3,0.2,0,,,48,0,3.4,0,8,0,13.93,0,22,0,,7,0,,31.3,0,
7/27/2025,3:45, ,0,Pellicer Creek,,10.2,0.17,0,,,45.9,0,3.3,0,7.3,0,12.88,0,20,0,,7,0,,31.2,0,
7/27/2025,4:00, ,0,Pellicer Creek,,10.3,0.15,0,,,44.1,0,3.2,0,6.6,0,11.68,0,16,0,,7,0,,31,0,
7/27/2025,4:15, ,0,Pellicer Creek,,10.7,0.12,0,,,42.4,0,3.1,0,6,0,10.63,0,13,0,,6.9,0,,30.9,0,
7/27/2025,4:30, ,0,Pellicer Creek,,10.8,0.1,0,,,43.9,0,3.2,0,5.2,0,9.39,0,13,0,,6.9,0,,30.8,0,
7/27/2025,4:45, ,0,Pellicer Creek,,10.9,0.07,0,,,41,0,3,0,4.6,0,8.38,0,13,0,,6.9,0,,30.7,0,
7/27/2025,5:00, ,0,Pellicer Creek,,11,0.05,0,,,41.1,0,3,0,4.2,0,7.63,0,12,0,,6.9,0,,30.6,0,
7/27/2025,5:15, ,0,Pellicer Creek,,11.2,0.03,0,,,40.2,0,3,0,3.7,0,6.8,0,12,0,,6.8,0,,30.5,0,
7/27/2025,5:30, ,0,Pellicer Creek,,11.3,0,0,,,40.1,0,3,0,3.3,0,6.08,0,13,0,,6.8,0,,30.4,0,
7/27/2025,5:45, ,0,Pellicer Creek,,11.4,-0.02,0,,,40.9,0,3,0,2.9,0,5.41,0,12,0,,6.8,0,,30.3,0,
7/27/2025,6:00, ,0,Pellicer Creek,,11.6,-0.04,0,,,40,0,3,0,2.6,0,4.83,0,12,0,,6.8,0,,30.2,0,
7/27/2025,6:15, ,0,Pellicer Creek,,11.8,-0.05,0,,,42.1,0,3.1,0,2.3,0,4.41,0,12,0,,6.8,0,,30.1,0,
7/27/2025,6:30, ,0,Pellicer Creek,,11.6,-0.07,0,,,41.8,0,3.1,0,2.2,0,4.17,0,12,0,,6.8,0,,30,0,
7/27/2025,6:45, ,0,Pellicer Creek,,11.9,-0.09,0,,,40.8,0,3.1,0,1.9,0,3.71,0,15,0,,6.8,0,,29.9,0,
7/27/2025,7:00, ,0,Pellicer Creek,,12,-0.11,0,,,41.2,0,3.1,0,1.6,0,3.08,0,13,0,,6.8,0,,29.8,0,
7/27/2025,7:15, ,0,Pellicer Creek,,12,-0.12,0,,,40.6,0,3.1,0,1.5,0,2.81,0,13,0,,6.8,0,,29.8,0,
7/27/2025,7:30, ,0,Pellicer Creek,,11.9,-0.13,0,,,39.8,0,3,0,1.5,0,2.86,0,12,0,,6.7,0,,29.7,0,
7/27/2025,7:45, ,0,Pellicer Creek,,12.1,-0.14,0,,,39.1,0,3,0,1.3,0,2.58,0,11,0,,6.7,0,,29.7,0,
7/27/2025,8:00, ,0,Pellicer Creek,,11.9,-0.16,0,,,39.1,0,3,0,1.2,0,2.36,0,11,0,,6.7,0,,29.7,0,
7/27/2025,8:15, ,0,Pellicer Creek,,12,-0.16,0,,,39.7,0,3,0,1.2,0,2.42,0,11,0,,6.7,0,,29.7,0,
7/27/2025,8:30, ,0,Pellicer Creek,,11.8,-0.16,0,,,36.2,0,2.7,0,1.3,0,2.52,0,10,0,,6.7,0,,29.7,0,
7/27/2025,8:45, ,0,Pellicer Creek,,11.7,-0.14,0,,,31.7,0,2.4,0,1,0,1.93,0,10,0,,6.7,0,,29.7,0,
7/27/2025,9:00, ,0,Pellicer Creek,,12.2,-0.12,0,,,42,0,3.2,0,1.1,0,2.09,0,12,0,,6.7,0,,29.7,0,
7/27/2025,9:15, ,0,Pellicer Creek,,12.2,-0.1,0,,,41.8,0,3.1,0,1.8,0,3.48,0,14,0,,6.7,0,,29.9,0,
7/27/2025,9:30, ,0,Pellicer Creek,,12.1,-0.08,0,,,40.6,0,3,0,2.6,0,4.8,0,16,0,,6.7,0,,30,0,
7/27/2025,9:45, ,0,Pellicer Creek,,11.8,-0.04,0,,,43.5,0,3.2,0,3.8,0,7.06,0,18,0,,6.8,0,,30.4,0,
7/27/2025,10:00, ,0,Pellicer Creek,,11.8,0,0,,,44.8,0,3.3,0,3.6,0,6.56,0,15,0,,6.8,0,,30.6,0,
7/27/2025,10:15, ,0,Pellicer Creek,,11.7,0.04,0,,,46.3,0,3.4,0,3.6,0,6.64,0,15,0,,6.8,0,,30.8,0,
7/27/2025,10:30, ,0,Pellicer Creek,,11.8,0.07,0,,,43.8,0,3.2,0,4.6,0,8.38,0,20,0,,6.8,0,,30.8,0,
7/27/2025,10:45, ,0,Pellicer Creek,,11.6,0.1,0,,,43.9,0,3.2,0,5,0,9.04,0,19,0,,6.9,0,,30.9,0,
7/27/2025,11:00, ,0,Pellicer Creek,,11.2,0.13,0,,,47.1,0,3.4,0,5.5,0,9.82,0,18,0,,6.9,0,,31.3,0,
7/27/2025,11:15, ,0,Pellicer Creek,,11.4,0.17,0,,,48.6,0,3.5,0,6.6,0,11.66,0,16,0,,6.9,0,,31.6,0,
7/27/2025,11:30, ,0,Pellicer Creek,,10.5,0.21,0,,,48,0,3.4,0,8,0,13.9,0,15,0,,7,0,,31.9,0,
7/27/2025,11:45, ,0,Pellicer Creek,,10.7,0.23,0,,,51.9,0,3.6,0,9.7,0,16.67,0,16,0,,7,0,,32.2,0,
7/27/2025,12:00, ,0,Pellicer Creek,,9.6,0.25,0,,,46.8,0,3.2,0,13.7,0,22.88,0,25,0,,7.1,0,,32,0,
7/27/2025,12:15, ,0,Pellicer Creek,,9.3,0.27,0,,,48.1,0,3.2,0,15,0,24.91,0,29,0,,7.2,0,,32.2,0,
7/27/2025,12:30, ,0,Pellicer Creek,,9.7,0.29,0,,,54.2,0,3.6,0,14.1,0,23.59,0,22,0,,7.2,0,,32.6,0,
7/27/2025,12:45, ,0,Pellicer Creek,,8.8,0.29,0,,,56.3,0,3.7,0,15.1,0,25.07,0,18,0,,7.2,0,,32.8,0,
7/27/2025,13:00, ,0,Pellicer Creek,,7.1,0.29,0,,,50.7,0,3.3,0,17.8,0,29.05,0,19,0,,7.3,0,,32.8,0,
7/27/2025,13:15, ,0,Pellicer Creek,,7.5,0.29,0,,,48.3,0,3.2,0,15.8,0,26.18,0,11,0,,7.2,0,,33,0,
7/27/2025,13:30, ,0,Pellicer Creek,,5.8,0.28,0,,,33.1,0,2.2,0,17.9,0,29.23,0,10,0,,7.1,0,,32.8,0,
7/27/2025,13:45, ,0,Pellicer Creek,,6.1,0.26,0,,,44.1,0,2.9,0,18.8,0,30.56,0,12,0,,7.2,0,,32.9,0,
7/27/2025,14:00, ,0,Pellicer Creek,,7.6,0.24,0,,,49,0,3.2,0,17.3,0,28.32,0,15,0,,7.3,0,,32.8,0,
7/27/2025,14:15, ,0,Pellicer Creek,,7.7,0.22,0,,,47.4,0,3.1,0,15.8,0,26.03,0,13,0,,7.2,0,,32.6,0,
7/27/2025,14:30, ,0,Pellicer Creek,,8.3,0.2,0,,,43.7,0,2.9,0,14.4,0,24.04,0,14,0,,7.2,0,,32.6,0,
7/27/2025,14:45, ,0,Pellicer Creek,,8.2,0.18,0,,,43,0,2.9,0,13.8,0,22.99,0,13,0,,7.2,0,,32.5,0,
7/27/2025,15:00, ,0,Pellicer Creek,,8.9,0.15,0,,,47.4,0,3.2,0,13.8,0,23.12,0,22,0,,7.2,0,,32.4,0,
7/27/2025,15:15, ,0,Pellicer Creek,,9.1,0.13,0,,,48.2,0,3.2,0,13.8,0,22.99,0,18,0,,7.2,0,,32.5,0,
7/27/2025,15:30, ,0,Pellicer Creek,,9.7,0.11,0,,,47.3,0,3.3,0,10.6,0,18.08,0,18,0,,7.1,0,,32.2,0,
7/27/2025,15:45,,,, ,9.6,0.08,0,,,47.4,0,3.3,0,10.1,0,17.34,0,17,0,,7,0,,32.3,0,
7/27/2025,16:00,,,, ,9.8,0.06,0,,,47.5,0,3.3,0,10.8,0,18.49,0,17,0,,7,0,,32.3,0,
7/27/2025,16:15,,,, ,9.9,0.03,0,,,47.8,0,3.3,0,8.8,0,15.32,0,15,0,,7,0,,32.3,0,
7/27/2025,16:30,,,, ,10.3,0.01,0,,,47.2,0,3.3,0,7.3,0,12.87,0,14,0,,7,0,,32.4,0,
7/27/2025,16:45,,,, ,10.4,-0.01,0,,,47.1,0,3.3,0,8.3,0,14.4,0,16,0,,6.9,0,,32.4,0,
7/27/2025,17:00,,,, ,10.7,-0.03,0,,,47.5,0,3.3,0,6.8,0,12.04,0,19,0,,6.9,0,,32.3,0,
7/27/2025,17:15,,,, ,10.8,-0.05,0,,,46.6,0,3.3,0,6.2,0,11.09,0,13,0,,6.9,0,,32.3,0,
7/27/2025,17:30,,,, ,11,-0.07,0,,,47.4,0,3.4,0,5.1,0,9.22,0,13,0,,6.9,0,,32.3,0,
7/27/2025,17:45,,,, ,10.8,-0.09,0,,,45.8,0,3.2,0,5.1,0,9.22,0,11,0,,6.9,0,,32.4,0,
7/27/2025,18:00,,,, ,11.1,-0.11,0,,,47.7,0,3.4,0,3.9,0,7.2,0,14,0,,6.9,0,,32.4,0,
7/27/2025,18:15,,,, ,11.3,-0.13,0,,,47.8,0,3.4,0,4.1,0,7.48,0,12,0,,6.8,0,,32.4,0,
7/27/2025,18:30,,,, ,11.3,-0.15,0,,,47.9,0,3.4,0,3.5,0,6.43,0,13,0,,6.8,0,,32.3,0,
7/27/2025,18:45,,,, ,11.2,-0.16,0,,,47,0,3.4,0,3.4,0,6.31,0,12,0,,6.8,0,,32.2,0,
7/27/2025,19:00,,,, ,11.3,-0.17,0,,,46.7,0,3.4,0,2.8,0,5.33,0,12,0,,6.8,0,,32.1,0,
7/27/2025,19:15,,,, ,11.4,-0.19,0,,,47.1,0,3.4,0,2.4,0,4.48,0,12,0,,6.8,0,,32.1,0,
7/27/2025,19:30,,,, ,11.5,-0.2,0,,,46,0,3.3,0,2.2,0,4.26,0,12,0,,6.8,0,,32,0,
7/27/2025,19:45,,,, ,11.3,-0.21,0,,,43.3,0,3.1,0,2.2,0,4.19,0,11,0,,6.8,0,,31.9,0,
7/27/2025,20:00,,,, ,11.3,-0.21,0,,,39.2,0,2.8,0,2.1,0,3.99,0,10,0,,6.8,0,,31.8,0,
7/27/2025,20:15,,,, ,11.3,-0.22,0,,,39.1,0,2.8,0,1.8,0,3.4,0,11,0,,6.8,0,,31.7,0,
7/27/2025,20:30,,,, ,11.4,-0.2,0,,,37.7,0,2.7,0,1.9,0,3.59,0,10,0,,6.7,0,,31.7,0,
7/27/2025,20:45,,,, ,11.6,-0.18,0,,,43.3,0,3.2,0,1.3,0,2.52,0,11,0,,6.7,0,,31.7,0,
7/27/2025,21:00,,,, ,11.7,-0.16,0,,,44.2,0,3.2,0,1.5,0,2.88,0,11,0,,6.7,0,,31.8,0,
7/27/2025,21:15,,,, ,11.8,-0.14,0,,,45.1,0,3.3,0,1.4,0,2.81,0,12,0,,6.8,0,,31.9,0,
7/27/2025,21:30,,,, ,11.5,-0.11,0,,,46.7,0,3.4,0,2,0,3.78,0,12,0,,6.8,0,,32,0,
7/27/2025,21:45,,,, ,11.7,-0.08,0,,,51.2,0,3.7,0,2.5,0,4.64,0,10,0,,6.8,0,,32,0,
7/27/2025,22:00,,,, ,11.7,-0.05,0,,,49.2,0,3.6,0,2.5,0,4.68,0,12,0,,6.8,0,,32,0,
7/27/2025,22:15,,,, ,11.8,-0.02,0,,,50.2,0,3.6,0,2.7,0,5.12,0,11,0,,6.8,0,,32,0,
7/27/2025,22:30,,,, ,11.4,0.02,0,,,49.6,0,3.5,0,3.9,0,7.1,0,13,0,,6.8,0,,32.1,0,
7/27/2025,22:45,,,, ,11.2,0.05,0,,,48.8,0,3.5,0,4.7,0,8.54,0,13,0,,6.9,0,,32.2,0,
7/27/2025,23:00,,,, ,11.3,0.1,0,,,50.3,0,3.6,0,6,0,10.63,0,17,0,,6.9,0,,32.2,0,
7/27/2025,23:15,,,, ,10.8,0.14,0,,,50.4,0,3.5,0,8.5,0,14.81,0,19,0,,7,0,,32.5,0,
7/27/2025,23:30,,,, ,10.7,0.18,0,,,51.3,0,3.5,0,9.2,0,15.91,0,17,0,,7,0,,32.5,0,
7/27/2025,23:45,,,, ,10.4,0.22,0,,,52.8,0,3.6,0,9.8,0,16.84,0,16,0,,7.1,0,,32.4,0,
7/28/2025,0:00,,,, ,10,0.25,0,,,51.3,0,3.5,0,11,0,18.75,0,18,0,,7.1,0,,32.6,0,
7/28/2025,0:15,,,, ,10,0.28,0,,,52.6,0,3.6,0,11.1,0,18.96,0,15,0,,7.1,0,,32.4,0,
7/28/2025,0:30,,,, ,9.7,0.3,0,,,52,0,3.5,0,11.8,0,20.03,0,19,0,,7.1,0,,32.5,0,
7/28/2025,0:45,,,, ,9.6,0.32,0,,,53.4,0,3.6,0,12.6,0,21.27,0,35,0,,7.2,0,,32.5,0,
7/28/2025,1:00,,,, ,8.9,0.33,0,,,51.4,0,3.5,0,13.1,0,22.05,0,28,0,,7.2,0,,32.4,0,
7/28/2025,1:15,,,, ,8.7,0.34,0,,,54.1,0,3.6,0,14.1,0,23.48,0,17,0,,7.2,0,,32.4,0,
7/28/2025,1:30,,,, ,8.4,0.34,0,,,55.1,0,3.7,0,15.2,0,25.18,0,15,0,,7.3,0,,32.3,0,
7/28/2025,1:45,,,, ,8.4,0.34,0,,,55.7,0,3.7,0,16.1,0,26.5,0,20,0,,7.3,0,,32.3,0,
7/28/2025,2:00,,,, ,7.8,0.34,0,,,53,0,3.5,0,15.5,0,25.7,0,15,0,,7.3,0,,32.3,0,
7/28/2025,2:15,,,, ,7.4,0.32,0,,,46.5,0,3.1,0,16.4,0,27.03,0,10,0,,7.2,0,,32.3,0,
7/28/2025,2:30,,,, ,6.9,0.3,0,,,44.9,0,3,0,16.5,0,27.11,0,10,0,,7.3,0,,32.3,0,
7/28/2025,2:45,,,, ,8,0.28,0,,,51.6,0,3.5,0,15.4,0,25.43,0,12,0,,7.3,0,,32.3,0,
7/28/2025,3:00,,,, ,8.6,0.26,0,,,51.7,0,3.5,0,14.7,0,24.49,0,11,0,,7.3,0,,32.3,0,
7/28/2025,3:15,,,, ,9.4,0.24,0,,,53.2,0,3.6,0,13.4,0,22.5,0,24,0,,7.2,0,,32.2,0,
7/28/2025,3:30,,,, ,9.7,0.21,0,,,50.7,0,3.5,0,12.3,0,20.79,0,21,0,,7.2,0,,32.1,0,
7/28/2025,3:45,,,, ,10.3,0.19,0,,,49.5,0,3.4,0,11.2,0,19.07,0,32,0,,7.1,0,,32,0,
7/28/2025,4:00,,,, ,10.1,0.16,0,,,46.4,0,3.2,0,9.5,0,16.32,0,19,0,,7.1,0,,31.8,0,
7/28/2025,4:15,,,, ,10.5,0.14,0,,,46.3,0,3.2,0,8.6,0,14.97,0,18,0,,7,0,,31.7,0,
7/28/2025,4:30,,,, ,10.7,0.11,0,,,45,0,3.2,0,7.9,0,13.76,0,18,0,,7,0,,31.6,0,
7/28/2025,4:45,,,, ,10.7,0.09,0,,,44.2,0,3.1,0,7.5,0,13.12,0,14,0,,7,0,,31.5,0,
7/28/2025,5:00,,,, ,10.9,0.06,0,,,44.4,0,3.2,0,6.6,0,11.69,0,12,0,,6.9,0,,31.4,0,
7/28/2025,5:15,,,, ,11.1,0.04,0,,,42.8,0,3.1,0,5.9,0,10.46,0,11,0,,6.9,0,,31.2,0,
7/28/2025,5:30,,,, ,11.1,0.02,0,,,42.4,0,3.1,0,5.3,0,9.57,0,11,0,,6.9,0,,31.1,0,
7/28/2025,5:45,,,, ,11.2,-0.01,0,,,41.9,0,3,0,4.9,0,8.84,0,11,0,,6.9,0,,31.1,0,
7/28/2025,6:00,,,, ,11.3,-0.03,0,,,41.5,0,3,0,4.6,0,8.42,0,10,0,,6.9,0,,31,0,
7/28/2025,6:15,,,, ,11.4,-0.05,0,,,41.7,0,3,0,4.2,0,7.63,0,11,0,,6.8,0,,30.9,0,
7/28/2025,6:30,,,, ,11.5,-0.07,0,,,41.3,0,3,0,4,0,7.4,0,11,0,,6.8,0,,30.8,0,
7/28/2025,6:45,,,, ,11.5,-0.09,0,,,40.7,0,3,0,3.5,0,6.48,0,10,0,,6.8,0,,30.7,0,
7/28/2025,7:00,,,, ,11.5,-0.1,0,,,41.9,0,3.1,0,3.4,0,6.36,0,10,0,,6.8,0,,30.6,0,
7/28/2025,7:15,,,, ,11.7,-0.12,0,,,42.2,0,3.1,0,3.5,0,6.38,0,10,0,,6.8,0,,30.6,0,
7/28/2025,7:30,,,, ,11.8,-0.14,0,,,41.8,0,3.1,0,3.3,0,6.16,0,11,0,,6.8,0,,30.6,0,
7/28/2025,7:45,,,, ,11.8,-0.15,0,,,41.5,0,3,0,3.6,0,6.56,0,11,0,,6.8,0,,30.6,0,
7/28/2025,8:00,,,, ,11.8,-0.17,0,,,39.8,0,2.9,0,3.3,0,6.18,0,10,0,,6.8,0,,30.6,0,
7/28/2025,8:15,,,, ,11.5,-0.18,0,,,38.7,0,2.8,0,3.4,0,6.27,0,11,0,,6.8,0,,30.6,0,
7/28/2025,8:30,,,, ,11.9,-0.19,0,,,41.8,0,3.1,0,2.3,0,4.29,0,12,0,,6.8,0,,30.4,0,
7/28/2025,8:45,,,, ,11.9,-0.2,0,,,41.2,0,3,0,2.7,0,5.06,0,10,0,,6.8,0,,30.4,0,
7/28/2025,9:00,,,, ,11.5,-0.21,0,,,36.6,0,2.7,0,2.7,0,5.11,0,10,0,,6.8,0,,30.5,0,
7/28/2025,9:15,,,, ,11.4,-0.2,0,,,29.4,0,2.2,0,2.4,0,4.46,0,8,0,,6.8,0,,30.5,0,
7/28/2025,9:30,,,, ,12,-0.18,0,,,38.1,0,2.8,0,1.6,0,3.04,0,10,0,,6.8,0,,30.4,0,
7/28/2025,9:45,,,, ,12.1,-0.16,0,,,45.4,0,3.3,0,2.3,0,4.39,0,11,0,,6.8,0,,31.1,0,
7/28/2025,10:00,,,, ,11.8,-0.14,0,,,42.6,0,3.1,0,2.9,0,5.34,0,12,0,,6.8,0,,30.9,0,
7/28/2025,10:15,,,, ,11.7,-0.12,0,,,44.3,0,3.2,0,3.3,0,6.1,0,13,0,,6.8,0,,31.1,0,
7/28/2025,10:30,,,, ,11.7,-0.09,0,,,44.5,0,3.2,0,5.2,0,9.36,0,21,0,,6.8,0,,31.4,0,
7/28/2025,10:45,,,, ,11.7,-0.05,0,,,49.2,0,3.5,0,4.2,0,7.66,0,12,0,,6.8,0,,32,0,
7/28/2025,11:00,,,, ,11.5,-0.01,0,,,48.4,0,3.5,0,4.4,0,7.95,0,12,0,,6.8,0,,32,0,
7/28/2025,11:15,,,, ,11.3,0.02,0,,,46.6,0,3.3,0,5.6,0,10.01,0,17,0,,6.9,0,,31.9,0,
7/28/2025,11:30,,,, ,11.6,0.06,0,,,45.6,0,3.2,0,6.7,0,11.89,0,18,0,,6.9,0,,31.9,0,
7/28/2025,11:45,,,, ,11.2,0.1,0,,,47.3,0,3.3,0,7.2,0,12.7,0,15,0,,6.9,0,,32.4,0,
7/28/2025,12:00,,,, ,11.2,0.13,0,,,45.7,0,3.2,0,9.4,0,16.2,0,20,0,,7,0,,32.5,0,
7/28/2025,12:15,,,, ,10.5,0.16,0,,,45,0,3.1,0,12,0,20.36,0,29,0,,7.1,0,,32.6,0,
7/28/2025,12:30,,,, ,10.1,0.19,0,,,48.2,0,3.2,0,13.6,0,22.81,0,23,0,,7.1,0,,32.9,0,
7/28/2025,12:45,,,, ,8.8,0.22,0,,,50.1,0,3.3,0,14.2,0,23.68,0,21,0,,7.2,0,,33.3,0,
7/28/2025,13:00,,,, ,9.8,0.24,0,,,53.8,0,3.5,0,15.6,0,25.85,0,30,0,,7.2,0,,33.5,0,
7/28/2025,13:15,,,, ,9.2,0.25,0,,,55.3,0,3.6,0,16.3,0,26.9,0,24,0,,7.2,0,,33.8,0,
7/28/2025,13:30,,,, ,9.2,0.26,0,,,57.9,0,3.7,0,17.5,0,28.75,0,21,0,,7.3,0,,34,0,
7/28/2025,13:45,,,, ,9.4,0.27,0,,,60.9,0,3.9,0,18.6,0,30.27,0,22,0,,7.3,0,,34.2,0,
7/28/2025,14:00,,,, ,7.9,0.27,0,,,56.3,0,3.6,0,17.9,0,29.27,0,13,0,,7.3,0,,34.4,0,
7/28/2025,14:15,,,, ,7,0.25,0,,,55,0,3.5,0,18.1,0,29.6,0,10,0,,7.3,0,,34.5,0,
7/28/2025,14:30,,,, ,6.1,0.23,0,,,46.3,0,2.9,0,19.1,0,31.11,0,10,0,,7.2,0,,34.2,0,
7/28/2025,14:45,,,, ,7.6,0.21,0,,,53.9,0,3.4,0,18.2,0,29.79,0,14,0,,7.3,0,,34.2,0,
7/28/2025,15:00,,,, ,7.8,0.19,0,,,53.5,0,3.4,0,17.2,0,28.3,0,14,0,,7.2,0,,34.1,0,
7/28/2025,15:15,,,, ,7.7,0.17,0,,,50.2,0,3.3,0,16,0,26.37,0,13,0,,7.2,0,,34,0,
7/28/2025,15:30,,,, ,8.2,0.14,0,,,49.1,0,3.2,0,14.4,0,23.97,0,13,0,,7.2,0,,33.9,0,
7/28/2025,15:45,,,, ,9.1,0.12,0,,,51.4,0,3.4,0,14.5,0,24.11,0,18,0,,7.2,0,,33.7,0,
7/28/2025,16:00,,,, ,9.4,0.09,0,,,50,0,3.3,0,13.7,0,22.89,0,18,0,,7.2,0,,33.5,0,
7/28/2025,16:15,,,, ,9,0.07,0,,,49.3,0,3.3,0,14,0,23.4,0,14,0,,7.2,0,,33.6,0,
7/28/2025,16:30,,,, ,9.6,0.04,0,,,49.3,0,3.3,0,11.3,0,19.27,0,17,0,,7.1,0,,33.4,0,
7/28/2025,16:45,,,, ,10.1,0.02,0,,,48.2,0,3.3,0,10.2,0,17.55,0,15,0,,7.1,0,,33.3,0,
7/28/2025,17:00,,,, ,10,0,0,,,48,0,3.2,0,10.8,0,18.41,0,19,0,,7.1,0,,33.2,0,
7/28/2025,17:15,,,, ,9.9,-0.03,0,,,46.4,0,3.2,0,10.1,0,17.27,0,12,0,,7,0,,33.3,0,
7/28/2025,17:30,,,, ,9.5,-0.05,0,,,45.2,0,3.1,0,10.4,0,17.8,0,12,0,,7,0,,33.2,0,
7/28/2025,17:45,,,, ,9.5,-0.06,0,,,44,0,3,0,9.8,0,16.88,0,12,0,,7,0,,33.3,0,
7/28/2025,18:00,,,, ,9.9,-0.08,0,,,41.1,0,2.8,0,9.1,0,15.68,0,11,0,,7,0,,33.2,0,
7/28/2025,18:15,,,, ,9.8,-0.1,0,,,42.9,0,2.9,0,9,0,15.67,0,11,0,,7,0,,33.1,0,
7/28/2025,18:30,,,, ,9.7,-0.12,0,,,41,0,2.8,0,8,0,13.91,0,9,0,,7,0,,33.1,0,
7/28/2025,18:45,,,, ,10,-0.14,0,,,40,0,2.8,0,7.4,0,12.93,0,10,0,,6.9,0,,33.1,0,
7/28/2025,19:00,,,, ,10.1,-0.15,0,,,42,0,2.9,0,6.4,0,11.37,0,9,0,,6.9,0,,33,0,
7/28/2025,19:15,,,, ,10.3,-0.16,0,,,39.3,0,2.7,0,5.8,0,10.44,0,8,0,,6.9,0,,33,0,
7/28/2025,19:30,,,, ,10.2,-0.18,0,,,39.8,0,2.8,0,5.1,0,9.26,0,12,0,,6.9,0,,32.9,0,
7/28/2025,19:45,,,, ,10.7,-0.19,0,,,38.9,0,2.7,0,5.3,0,9.54,0,11,0,,6.9,0,,32.8,0,
7/28/2025,20:00,,,, ,10.3,-0.2,0,,,36.6,0,2.6,0,4.6,0,8.37,0,8,0,,6.9,0,,32.7,0,
7/28/2025,20:15,,,, ,10.6,-0.21,0,,,36.2,0,2.6,0,4.1,0,7.49,0,9,0,,6.8,0,,32.6,0,
7/28/2025,20:30,,,, ,10.6,-0.22,0,,,32.9,0,2.3,0,4,0,7.3,0,8,0,,6.8,0,,32.5,0,
7/28/2025,20:45,,,, ,10.4,-0.23,0,,,29.6,0,2.1,0,3.3,0,6.15,0,7,0,,6.8,0,,32.4,0,
7/28/2025,21:00,,,, ,10.6,-0.23,0,,,28.8,0,2.1,0,2.8,0,5.18,0,8,0,,6.8,0,,32.3,0,
7/28/2025,21:15,,,, ,11.1,-0.21,0,,,38,0,2.7,0,2.7,0,5.09,0,9,0,,6.8,0,,32.3,0,
7/28/2025,21:30,,,, ,11.2,-0.19,0,,,38.8,0,2.8,0,2.5,0,4.77,0,9,0,,6.8,0,,32.4,0,
7/28/2025,21:45,,,, ,11.2,-0.18,0,,,45.5,0,3.3,0,2.3,0,4.45,0,11,0,,6.8,0,,32.1,0,
7/28/2025,22:00,,,, ,11.3,-0.15,0,,,44.2,0,3.2,0,2.3,0,4.39,0,10,0,,6.8,0,,32.3,0,
7/28/2025,22:15,,,, ,11.4,-0.13,0,,,46.4,0,3.3,0,3.4,0,6.23,0,11,0,,6.8,0,,32.5,0,
7/28/2025,22:30,,,, ,11.4,-0.1,0,,,49.4,0,3.5,0,3.8,0,6.92,0,11,0,,6.9,0,,32.4,0,
7/28/2025,22:45,,,, ,11.5,-0.07,0,,,49,0,3.5,0,4,0,7.28,0,11,0,,6.9,0,,32.5,0,
7/28/2025,23:00,,,, ,11,-0.04,0,,,48,0,3.4,0,4.3,0,7.85,0,11,0,,6.9,0,,32.4,0,
7/28/2025,23:15,,,, ,11.2,-0.01,0,,,48.2,0,3.4,0,5,0,9.12,0,11,0,,6.9,0,,32.6,0,
7/28/2025,23:30,,,, ,11.1,0.02,0,,,47.4,0,3.3,0,5.8,0,10.31,0,11,0,,6.9,0,,32.6,0,
7/28/2025,23:45,,,, ,11.1,0.05,0,,,50.9,0,3.5,0,7.1,0,12.54,0,14,0,,7,0,,32.8,0,
7/29/2025,0:00,,,, ,10.6,0.09,0,,,49.8,0,3.4,0,9.7,0,16.68,0,20,0,,7,0,,33.1,0,
7/29/2025,0:15,,,, ,10.7,0.13,0,,,50.6,0,3.5,0,9.8,0,16.85,0,14,0,,7.1,0,,32.9,0,
7/29/2025,0:30,,,, ,10.3,0.16,0,,,51.8,0,3.5,0,11.2,0,19.08,0,16,0,,7.1,0,,32.9,0,
7/29/2025,0:45,,,, ,9.6,0.2,0,,,52.8,0,3.5,0,12.9,0,21.69,0,17,0,,7.2,0,,33.1,0,
7/29/2025,1:00,,,, ,9.2,0.22,0,,,50.7,0,3.4,0,13.5,0,22.64,0,16,0,,7.2,0,,33.1,0,
7/29/2025,1:15,,,, ,9,0.24,0,,,51.4,0,3.4,0,13.7,0,22.91,0,14,0,,7.2,0,,33,0,
7/29/2025,1:30,,,, ,8.9,0.26,0,,,52.1,0,3.5,0,14.1,0,23.54,0,15,0,,7.2,0,,32.9,0,
7/29/2025,1:45,,,, ,8.5,0.26,0,,,51.8,0,3.5,0,14.5,0,24.18,0,15,0,,7.2,0,,32.9,0,
7/29/2025,2:00,,,, ,7.9,0.27,0,,,50,0,3.3,0,14.9,0,24.75,0,13,0,,7.2,0,,32.8,0,
7/29/2025,2:15,,,, ,7.7,0.27,0,,,49.2,0,3.3,0,15.5,0,25.69,0,11,0,,7.2,0,,32.7,0,
7/29/2025,2:30,,,, ,7.9,0.26,0,,,52.1,0,3.5,0,15.8,0,26.13,0,16,0,,7.3,0,,32.7,0,
7/29/2025,2:45,,,, ,6.8,0.25,0,,,37.4,0,2.5,0,15.9,0,26.3,0,10,0,,7.2,0,,32.8,0,
7/29/2025,3:00,,,, ,8,0.23,0,,,46.9,0,3.1,0,15.5,0,25.59,0,13,0,,7.2,0,,32.7,0,
7/29/2025,3:15,,,, ,7.9,0.21,0,,,45.2,0,3,0,14.8,0,24.66,0,11,0,,7.2,0,,32.7,0,
7/29/2025,3:30,,,, ,8.9,0.19,0,,,53.9,0,3.6,0,14.7,0,24.43,0,18,0,,7.3,0,,32.8,0,
7/29/2025,3:45,,,, ,9.4,0.16,0,,,50.4,0,3.4,0,13.7,0,22.85,0,20,0,,7.2,0,,32.8,0,
7/29/2025,4:00,,,, ,9.5,0.14,0,,,45.8,0,3.1,0,11.7,0,19.83,0,16,0,,7.1,0,,32.5,0,
7/29/2025,4:15,,,, ,9.6,0.12,0,,,44.8,0,3.1,0,11.2,0,19.09,0,15,0,,7.1,0,,32.5,0,
7/29/2025,4:30,,,, ,10.1,0.09,0,,,42.3,0,2.9,0,10.2,0,17.52,0,13,0,,7.1,0,,32.4,0,
7/29/2025,4:45,,,, ,10,0.07,0,,,40.9,0,2.8,0,9,0,15.54,0,12,0,,7,0,,32.3,0,
7/29/2025,5:00,,,, ,10.1,0.05,0,,,39.6,0,2.8,0,8.6,0,14.88,0,11,0,,7,0,,32.2,0,
7/29/2025,5:15,,,, ,10,0.03,0,,,38.9,0,2.7,0,8.8,0,15.27,0,11,0,,7,0,,32.2,0,
7/29/2025,5:30,,,, ,10.1,0,0,,,39.7,0,2.8,0,8.3,0,14.4,0,11,0,,7,0,,32.1,0,
7/29/2025,5:45,,,, ,10.4,-0.02,0,,,42,0,2.9,0,9.4,0,16.19,0,14,0,,7,0,,32.4,0,
7/29/2025,6:00,,,, ,10.5,-0.04,0,,,43.2,0,3,0,8.9,0,15.35,0,12,0,,7,0,,32.1,0,
7/29/2025,6:15,,,, ,10.5,-0.06,0,,,42.5,0,3,0,8.1,0,14.16,0,12,0,,7,0,,32,0,
7/29/2025,6:30,,,, ,10.6,-0.08,0,,,41.9,0,2.9,0,8,0,13.97,0,15,0,,7,0,,32,0,
7/29/2025,6:45,,,, ,10.9,-0.1,0,,,42.3,0,3,0,6.7,0,11.84,0,12,0,,6.9,0,,31.7,0,
7/29/2025,7:00,,,, ,10.4,-0.12,0,,,38.3,0,2.7,0,8.2,0,14.36,0,11,0,,6.9,0,,32,0,
7/29/2025,7:15,,,, ,10.9,-0.13,0,,,40.9,0,2.9,0,7.2,0,12.73,0,12,0,,6.9,0,,31.7,0,
7/29/2025,7:30,,,, ,11,-0.15,0,,,40.2,0,2.9,0,6.5,0,11.59,0,11,0,,6.9,0,,31.6,0,
7/29/2025,7:45,,,, ,10.9,-0.17,0,,,40.5,0,2.9,0,5.9,0,10.56,0,11,0,,6.9,0,,31.5,0,
7/29/2025,8:00,,,, ,10.8,-0.18,0,,,35,0,2.5,0,6,0,10.71,0,10,0,,6.9,0,,31.5,0,
7/29/2025,8:15,,,, ,11.1,-0.2,0,,,38.2,0,2.7,0,4.9,0,8.93,0,10,0,,6.9,0,,31.3,0,
7/29/2025,8:30,,,, ,11.4,-0.21,0,,,38.7,0,2.8,0,4.4,0,8,0,11,0,,6.8,0,,31.2,0,
7/29/2025,8:45,,,, ,11.4,-0.22,0,,,38.3,0,2.8,0,4.3,0,7.87,0,10,0,,6.8,0,,31.2,0,
7/29/2025,9:00,,,, ,11.3,-0.23,0,,,35.8,0,2.6,0,3.9,0,7.2,0,10,0,,6.8,0,,31.2,0,
7/29/2025,9:15,,,, ,11,-0.24,0,,,31.2,0,2.3,0,3.7,0,6.8,0,11,0,,6.8,0,,31.1,0,
7/29/2025,9:30,,,, ,11.3,-0.24,0,,,28.5,0,2.1,0,3.5,0,6.41,0,9,0,,6.8,0,,31.1,0,
7/29/2025,9:45,,,, ,10.9,-0.25,0,,,28.3,0,2.1,0,3.1,0,5.74,0,9,0,,6.8,0,,31,0,
7/29/2025,10:00,,,, ,11.4,-0.23,0,,,37.2,0,2.7,0,2.9,0,5.44,0,10,0,,6.8,0,,31,0,
7/29/2025,10:15,,,, ,11.4,-0.22,0,,,36.8,0,2.7,0,2.7,0,5.09,0,9,0,,6.8,0,,30.9,0,
7/29/2025,10:30,,,, ,11.6,-0.2,0,,,43.9,0,3.2,0,2.8,0,5.19,0,12,0,,6.8,0,,31.8,0,
7/29/2025,10:45,,,, ,11.4,-0.18,0,,,43.3,0,3.1,0,3.2,0,5.99,0,12,0,,6.8,0,,31.4,0,
7/29/2025,11:00,,,, ,11.5,-0.15,0,,,43.1,0,3.1,0,4.4,0,7.99,0,13,0,,6.8,0,,31.9,0,
7/29/2025,11:15,,,, ,11.6,-0.12,0,,,46,0,3.3,0,4.8,0,8.78,0,12,0,,6.9,0,,32.5,0,
7/29/2025,11:30,,,, ,11.4,-0.09,0,,,49.6,0,3.5,0,5.3,0,9.54,0,13,0,,6.9,0,,33,0,
7/29/2025,11:45,,,, ,11.4,-0.06,0,,,48.7,0,3.4,0,5.2,0,9.42,0,11,0,,6.9,0,,33.2,0,
7/29/2025,12:00,,,, ,11.6,-0.02,0,,,49.8,0,3.5,0,6.6,0,11.71,0,14,0,,6.9,0,,33.1,0,
7/29/2025,12:15,,,, ,11.4,0.01,0,,,48.5,0,3.3,0,8,0,14.05,0,18,0,,7,0,,33.3,0,
7/29/2025,12:30,,,, ,11.2,0.04,0,,,44.8,0,3,0,10,0,17.18,0,21,0,,7,0,,33.3,0,
7/29/2025,12:45,,,, ,12,0.08,0,,,51.3,0,3.4,0,9.1,0,15.84,0,16,0,,7,0,,34.1,0,
7/29/2025,13:00,,,, ,11,0.11,0,,,49,0,3.2,0,12.3,0,20.79,0,19,0,,7.1,0,,33.9,0,
7/29/2025,13:15,,,, ,11,0.15,0,,,50.4,0,3.3,0,13.7,0,22.9,0,21,0,,7.2,0,,33.9,0,
7/29/2025,13:30,,,, ,9.4,0.17,0,,,50.5,0,3.3,0,16,0,26.47,0,26,0,,7.2,0,,34,0,
7/29/2025,13:45,,,, ,9.7,0.19,0,,,54.5,0,3.5,0,16.7,0,27.53,0,24,0,,7.3,0,,34.3,0,
7/29/2025,14:00,,,, ,9.6,0.21,0,,,57.6,0,3.7,0,17.4,0,28.57,0,22,0,,7.3,0,,34.4,0,
7/29/2025,14:15,,,, ,10.7,0.22,0,,,65.1,0,4.1,0,16.6,0,27.4,0,21,0,,7.3,0,,35.1,0,
7/29/2025,14:30,,,, ,9.4,0.23,0,,,63.6,0,4,0,17.5,0,28.76,0,18,0,,7.3,0,,34.9,0,
7/29/2025,14:45,,,, ,10.3,0.23,0,,,68.6,0,4.3,0,17,0,28.06,0,13,0,,7.3,0,,35.5,0,
7/29/2025,15:00,,,, ,7.3,0.22,0,,,56,0,3.5,0,17.8,0,29.14,0,10,0,,7.3,0,,35.2,0,
7/29/2025,15:15,,,, ,6.3,0.21,0,,,46.2,0,2.9,0,17.8,0,29.12,0,10,0,,7.2,0,,35.3,0,
7/29/2025,15:30,,,, ,8.6,0.18,0,,,58.4,0,3.7,0,17.9,0,29.35,0,16,0,,7.3,0,,34.9,0,
7/29/2025,15:45,,,, ,8.2,0.16,0,,,58.1,0,3.7,0,17.3,0,28.44,0,11,0,,7.3,0,,35.1,0,
7/29/2025,16:00,,,, ,9,0.14,0,,,60,0,3.8,0,16.7,0,27.54,0,17,0,,7.3,0,,34.9,0,
7/29/2025,16:15,,,, ,9.6,0.12,0,,,59.4,0,3.8,0,15.9,0,26.33,0,26,0,,7.3,0,,34.8,0,
7/29/2025,16:30,,,, ,9.8,0.1,0,,,54.6,0,3.5,0,13.7,0,22.9,0,17,0,,7.2,0,,34.8,0,
7/29/2025,16:45,,,, ,10.4,0.07,0,,,52.3,0,3.5,0,11.2,0,19.14,0,18,0,,7.1,0,,34.5,0,
7/29/2025,17:00,,,, ,10,0.05,0,,,43.2,0,2.9,0,10,0,17.21,0,14,0,,7.1,0,,34.2,0,
7/29/2025,17:15,,,, ,10.2,0.03,0,,,48.3,0,3.3,0,8.9,0,15.43,0,15,0,,7,0,,34,0,
7/29/2025,17:30,,,, ,9.8,0,0,,,45.7,0,3,0,12.3,0,20.78,0,16,0,,7.1,0,,34,0,
7/29/2025,17:45,,,, ,10.1,-0.02,0,,,47.4,0,3.2,0,11.4,0,19.35,0,14,0,,7.1,0,,33.9,0,
7/29/2025,18:00,,,, ,10.2,-0.04,0,,,46.7,0,3.1,0,10.3,0,17.66,0,14,0,,7.1,0,,33.8,0,
7/29/2025,18:15,,,, ,9.9,-0.06,0,,,45.9,0,3.1,0,11,0,18.71,0,13,0,,7.1,0,,33.9,0,
7/29/2025,18:30,,,, ,10.1,-0.07,0,,,46.1,0,3.1,0,9.6,0,16.6,0,13,0,,7,0,,33.8,0,
7/29/2025,18:45,,,, ,9.4,-0.09,0,,,40,0,2.7,0,11.3,0,19.24,0,11,0,,7,0,,33.9,0,
7/29/2025,19:00,,,, ,9.3,-0.11,0,,,40.2,0,2.7,0,10.7,0,18.36,0,10,0,,7,0,,33.8,0,
7/29/2025,19:15,,,, ,9.3,-0.13,0,,,39.4,0,2.7,0,10.2,0,17.49,0,13,0,,7,0,,33.7,0,
7/29/2025,19:30,,,, ,9.8,-0.14,0,,,42.2,0,2.8,0,10.5,0,17.91,0,11,0,,7,0,,33.7,0,
7/29/2025,19:45,,,, ,9.9,-0.15,0,,,39.8,0,2.7,0,9.5,0,16.34,0,10,0,,7,0,,33.6,0,
7/29/2025,20:00,,,, ,9.9,-0.16,0,,,42.4,0,2.9,0,8.7,0,15.08,0,11,0,,7,0,,33.4,0,
7/29/2025,20:15,,,, ,10.3,-0.18,0,,,41.1,0,2.8,0,7.4,0,13.06,0,10,0,,6.9,0,,33.2,0,
7/29/2025,20:30,,,, ,9.8,-0.19,0,,,32.6,0,2.2,0,8.1,0,14.14,0,8,0,,6.9,0,,33.3,0,
7/29/2025,20:45,,,, ,10.3,-0.21,0,,,35.6,0,2.5,0,7.1,0,12.47,0,9,0,,6.9,0,,33.2,0,
7/29/2025,21:00,,,, ,10,-0.22,0,,,30.3,0,2.1,0,6.3,0,11.13,0,9,0,,6.9,0,,33.1,0,
7/29/2025,21:15,,,, ,10.4,-0.23,0,,,33.5,0,2.3,0,6.2,0,11.09,0,9,0,,6.9,0,,33.1,0,
7/29/2025,21:30,,,, ,10.1,-0.23,0,,,25.4,0,1.8,0,5.7,0,10.23,0,7,0,,6.9,0,,33,0,
7/29/2025,21:45,,,, ,9.9,-0.23,0,,,24.4,0,1.7,0,5.3,0,9.53,0,6,0,,6.9,0,,33,0,
7/29/2025,22:00,,,, ,10,-0.23,0,,,25.9,0,1.8,0,5.4,0,9.75,0,7,0,,6.9,0,,33,0,
7/29/2025,22:15,,,, ,10.1,-0.21,0,,,30.7,0,2.2,0,5.1,0,9.16,0,8,0,,6.9,0,,32.9,0,
7/29/2025,22:30,,,, ,11.1,-0.2,0,,,38.1,0,2.7,0,3.7,0,6.91,0,8,0,,6.8,0,,32.6,0,
7/29/2025,22:45,,,, ,11.3,-0.18,0,,,44.5,0,3.2,0,4.1,0,7.42,0,11,0,,6.9,0,,32,0,
7/29/2025,23:00,,,, ,10.8,-0.16,0,,,40.7,0,2.9,0,4.4,0,8,0,10,0,,6.9,0,,32.5,0,
7/29/2025,23:15,,,, ,10.8,-0.13,0,,,41.1,0,2.9,0,5.1,0,9.24,0,10,0,,6.9,0,,32.5,0,
7/29/2025,23:30,,,, ,10.9,-0.1,0,,,45.5,0,3.2,0,5.5,0,9.81,0,10,0,,6.9,0,,32.1,0,
7/29/2025,23:45,,,, ,10.8,-0.07,0,,,44.9,0,3.2,0,6,0,10.73,0,9,0,,6.9,0,,32.2,0,
7/30/2025,0:00,,,, ,11.1,-0.04,0,,,45.2,0,3.2,0,6.7,0,11.81,0,9,0,,6.9,0,,32.2,0,
7/30/2025,0:15,,,, ,11,-0.01,0,,,46.4,0,3.2,0,7.5,0,13.22,0,11,0,,7,0,,32.4,0,
7/30/2025,0:30,,,, ,10.5,0.02,0,,,43.1,0,3,0,8,0,13.9,0,10,0,,7,0,,32.3,0,
7/30/2025,0:45,,,, ,10.4,0.04,0,,,45.3,0,3.1,0,8.9,0,15.44,0,10,0,,7,0,,32.5,0,
7/30/2025,1:00,,,, ,10.1,0.07,0,,,42.6,0,2.9,0,10.1,0,17.39,0,12,0,,7,0,,32.5,0,
7/30/2025,1:15,,,, ,10.2,0.1,0,,,46.3,0,3.2,0,11.4,0,19.3,0,14,0,,7.1,0,,32.4,0,
7/30/2025,1:30,,,, ,9.7,0.13,0,,,44.5,0,3,0,13,0,21.91,0,15,0,,7.1,0,,32.6,0,
7/30/2025,1:45,,,, ,9.2,0.16,0,,,43.1,0,2.9,0,13.6,0,22.72,0,12,0,,7.1,0,,32.5,0,
7/30/2025,2:00,,,, ,9.2,0.18,0,,,45.9,0,3.1,0,14.3,0,23.74,0,12,0,,7.2,0,,32.3,0,
7/30/2025,2:15,,,, ,9.5,0.19,0,,,48.2,0,3.3,0,13.9,0,23.21,0,12,0,,7.2,0,,32,0,
7/30/2025,2:30,,,, ,7.7,0.2,0,,,43.8,0,2.9,0,17.1,0,28,0,13,0,,7.2,0,,32.6,0,
7/30/2025,2:45,,,, ,7.5,0.2,0,,,41.8,0,2.8,0,17.4,0,28.5,0,12,0,,7.2,0,,32.6,0,
7/30/2025,3:00,,,, ,7.6,0.2,0,,,34.7,0,2.3,0,16.6,0,27.31,0,9,0,,7.2,0,,32.4,0,
7/30/2025,3:15,,,, ,6.8,0.19,0,,,30.8,0,2,0,17.3,0,28.32,0,9,0,,7.2,0,,32.5,0,
7/30/2025,3:30,,,, ,7.2,0.17,0,,,34,0,2.3,0,17.2,0,28.17,0,12,0,,7.2,0,,32.5,0,
7/30/2025,3:45,,,, ,7.8,0.15,0,,,39.3,0,2.6,0,16.5,0,27.09,0,12,0,,7.2,0,,32.5,0,
7/30/2025,4:00,,,, ,8.6,0.13,0,,,43.6,0,2.9,0,16,0,26.42,0,14,0,,7.2,0,,32.5,0,
7/30/2025,4:15,,,, ,9.3,0.11,0,,,40.7,0,2.8,0,13.1,0,21.98,0,12,0,,7.2,0,,32.3,0,
7/30/2025,4:30,,,, ,8.5,0.09,0,,,37.2,0,2.5,0,13.4,0,22.48,0,12,0,,7.1,0,,32.4,0,
7/30/2025,4:45,,,, ,8.3,0.07,0,,,31.7,0,2.1,0,13.9,0,23.21,0,12,0,,7.1,0,,32.4,0,
7/30/2025,5:00,,,, ,8.3,0.04,0,,,36.2,0,2.4,0,14.5,0,24.16,0,11,0,,7.1,0,,32.6,0,
7/30/2025,5:15,,,, ,9.4,0.02,0,,,41.3,0,2.8,0,13.5,0,22.64,0,14,0,,7.1,0,,32.6,0,
7/30/2025,5:30,,,, ,9.5,0,0,,,39.8,0,2.7,0,12.7,0,21.39,0,13,0,,7.1,0,,32.7,0,
7/30/2025,5:45,,,, ,9.5,-0.01,0,,,39.3,0,2.7,0,12.8,0,21.5,0,13,0,,7.1,0,,32.7,0,
7/30/2025,6:00,,,, ,8.6,-0.04,0,,,37.4,0,2.5,0,14.3,0,23.88,0,14,0,,7.1,0,,32.8,0,
7/30/2025,6:15,,,, ,9.2,-0.05,0,,,37,0,2.5,0,13.3,0,22.35,0,12,0,,7.1,0,,32.7,0,
7/30/2025,6:30,,,, ,9.5,-0.07,0,,,37.8,0,2.6,0,12.4,0,20.97,0,12,0,,7.1,0,,32.5,0,
7/30/2025,6:45,,,, ,9.1,-0.09,0,,,34.5,0,2.3,0,12.7,0,21.41,0,12,0,,7.1,0,,32.5,0,
7/30/2025,7:00,,,, ,9.2,-0.11,0,,,33.6,0,2.3,0,11.2,0,19.11,0,11,0,,7.1,0,,32.5,0,
7/30/2025,7:15,,,, ,8.8,-0.13,0,,,28.9,0,2,0,12.5,0,21.13,0,10,0,,7,0,,32.5,0,
7/30/2025,7:30,,,, ,9.2,-0.14,0,,,29.1,0,2,0,11.3,0,19.27,0,8,0,,7,0,,32.4,0,
7/30/2025,7:45,,,, ,9.1,-0.16,0,,,27.7,0,1.9,0,11.2,0,19.07,0,9,0,,7,0,,32.4,0,
7/30/2025,8:00,,,, ,9.4,-0.17,0,,,29.9,0,2.1,0,10,0,17.19,0,7,0,,7,0,,32.3,0,
7/30/2025,8:15,,,, ,10,-0.19,0,,,28.4,0,2,0,9,0,15.51,0,13,0,,7,0,,32.1,0,
7/30/2025,8:30,,,, ,9.8,-0.2,0,,,31.4,0,2.2,0,9,0,15.6,0,9,0,,7,0,,32,0,
7/30/2025,8:45,,,, ,9.9,-0.21,0,,,29.8,0,2.1,0,8,0,13.97,0,10,0,,6.9,0,,31.9,0,
7/30/2025,9:00,,,, ,10.4,-0.22,0,,,31.7,0,2.2,0,7.3,0,12.75,0,10,0,,6.9,0,,31.8,0,
7/30/2025,9:15,,,, ,10.3,-0.23,0,,,27.3,0,1.9,0,7.8,0,13.69,0,10,0,,6.9,0,,31.9,0,
7/30/2025,9:30,,,, ,10.4,-0.24,0,,,30.5,0,2.2,0,6,0,10.78,0,11,0,,6.9,0,,31.7,0,
7/30/2025,9:45,,,, ,9.7,-0.25,0,,,25.5,0,1.8,0,6.9,0,12.22,0,9,0,,6.9,0,,31.7,0,
7/30/2025,10:00,,,, ,9.8,-0.26,0,,,23.6,0,1.7,0,6.1,0,10.93,0,8,0,,6.9,0,,31.6,0,
7/30/2025,10:15,,,, ,10.6,-0.27,0,,,27.6,0,2,0,5,0,9.07,0,9,0,,6.9,0,,31.5,0,
7/30/2025,10:30,,,, ,10.2,-0.27,0,,,23.5,0,1.7,0,4.2,0,7.7,0,9,0,,6.9,0,,31.3,0,
7/30/2025,10:45,,,, ,10.3,-0.26,0,,,25.1,0,1.8,0,4,0,7.33,0,8,0,,6.9,0,,31.3,0,
7/30/2025,11:00,,,, ,11.2,-0.24,0,,,33.4,0,2.4,0,3.7,0,6.77,0,10,0,,6.9,0,,31.2,0,
7/30/2025,11:15,,,, ,11.3,-0.23,0,,,42.6,0,3.1,0,3.5,0,6.42,0,13,0,,6.9,0,,32,0,
7/30/2025,11:30,,,, ,11,-0.2,0,,,39,0,2.8,0,3.4,0,6.28,0,12,0,,6.8,0,,31.7,0,
7/30/2025,11:45,,,, ,11.4,-0.18,0,,,44,0,3.1,0,4.6,0,8.4,0,13,0,,6.9,0,,32.4,0,
7/30/2025,12:00,,,, ,11.2,-0.15,0,,,47.6,0,3.3,0,5.2,0,9.41,0,12,0,,6.9,0,,33.2,0,
7/30/2025,12:15,,,, ,11,-0.12,0,,,48.2,0,3.3,0,5.7,0,10.22,0,13,0,,6.9,0,,33.4,0,
7/30/2025,12:30,,,, ,11.3,-0.09,0,,,48.8,0,3.4,0,6.1,0,10.88,0,13,0,,6.9,0,,33.5,0,
7/30/2025,12:45,,,, ,11.1,-0.05,0,,,50.5,0,3.5,0,6.3,0,11.22,0,13,0,,6.9,0,,34,0,
7/30/2025,13:00,,,, ,11.1,-0.02,0,,,52.2,0,3.5,0,7.6,0,13.38,0,15,0,,7,0,,34.2,0,
7/30/2025,13:15,,,, ,11.4,0.01,0,,,50.5,0,3.4,0,9.3,0,16.1,0,16,0,,7,0,,34,0,
7/30/2025,13:30,,,, ,10.7,0.05,0,,,44.3,0,3,0,12,0,20.29,0,25,0,,7.1,0,,33.4,0,
7/30/2025,13:45,,,, ,10.4,0.09,0,,,48.7,0,3.2,0,13.6,0,22.87,0,21,0,,7.1,0,,34,0,
7/30/2025,14:00,,,, ,10.9,0.13,0,,,59.3,0,3.8,0,14.1,0,23.66,0,19,0,,7.2,0,,34.8,0,
7/30/2025,14:15,,,, ,9.6,0.16,0,,,53.2,0,3.4,0,17.5,0,28.66,0,32,0,,7.3,0,,34.2,0,
7/30/2025,14:30,,,, ,8.4,0.18,0,,,54.8,0,3.5,0,17.8,0,29.13,0,24,0,,7.3,0,,34.3,0,
7/30/2025,14:45,,,, ,10.4,0.2,0,,,64.6,0,4.1,0,18.2,0,29.74,0,24,0,,7.4,0,,34.8,0,
7/30/2025,15:00,,,, ,9,0.22,0,,,64,0,4,0,18.5,0,30.24,0,20,0,,7.4,0,,34.9,0,
7/30/2025,15:15,,,, ,8.5,0.22,0,,,64.8,0,4.1,0,18.8,0,30.71,0,17,0,,7.4,0,,35,0,
7/30/2025,15:30,,,, ,8.1,0.22,0,,,63.3,0,4,0,18.7,0,30.55,0,13,0,,7.4,0,,35.1,0,
7/30/2025,15:45,,,, ,7.2,0.22,0,,,64.3,0,4,0,18.9,0,30.86,0,11,0,,7.4,0,,35.1,0,
7/30/2025,16:00,,,, ,6.5,0.2,0,,,49.9,0,3.1,0,19.2,0,31.2,0,14,0,,7.3,0,,35,0,
7/30/2025,16:15,,,, ,7.9,0.19,0,,,60.5,0,3.8,0,18.7,0,30.55,0,15,0,,7.4,0,,35.1,0,
7/30/2025,16:30,,,, ,8.2,0.17,0,,,62.6,0,3.9,0,18.3,0,29.94,0,15,0,,7.4,0,,35.1,0,
7/30/2025,16:45,,,, ,9.1,0.14,0,,,60.3,0,3.8,0,17.7,0,28.98,0,16,0,,7.3,0,,34.9,0,
7/30/2025,17:00,,,, ,9.5,0.12,0,,,56.3,0,3.6,0,16.9,0,27.87,0,19,0,,7.3,0,,34.7,0,
7/30/2025,17:15,,,, ,9.8,0.1,0,,,55.9,0,3.6,0,14.2,0,23.78,0,21,0,,7.2,0,,34.6,0,
7/30/2025,17:30,,,, ,9.5,0.07,0,,,51,0,3.4,0,12.7,0,21.38,0,15,0,,7.2,0,,34.3,0,
7/30/2025,17:45,,,, ,9.2,0.06,0,,,49.7,0,3.3,0,11.2,0,19.15,0,13,0,,7.1,0,,34,0,
7/30/2025,18:00,,,, ,8.8,0.04,0,,,40.9,0,2.7,0,12.3,0,20.73,0,11,0,,7.1,0,,33.9,0,
7/30/2025,18:15,,,, ,9.1,0.01,0,,,39.7,0,2.6,0,12.1,0,20.41,0,14,0,,7.1,0,,33.8,0,
7/30/2025,18:30,,,, ,9.7,-0.01,0,,,47.7,0,3.2,0,13,0,21.83,0,15,0,,7.1,0,,33.8,0,
7/30/2025,18:45,,,, ,10.1,-0.03,0,,,49.5,0,3.3,0,10.6,0,18.18,0,13,0,,7.1,0,,33.5,0,
7/30/2025,19:00,,,, ,9.6,-0.05,0,,,45.7,0,3,0,12.4,0,20.87,0,13,0,,7.1,0,,33.7,0,
7/30/2025,19:15,,,, ,9.9,-0.07,0,,,46.6,0,3.1,0,10.7,0,18.26,0,12,0,,7.1,0,,33.5,0,
7/30/2025,19:30,,,, ,9.6,-0.08,0,,,43.8,0,2.9,0,11.6,0,19.66,0,13,0,,7.1,0,,33.6,0,
7/30/2025,19:45,,,, ,9.1,-0.1,0,,,41.5,0,2.8,0,11.9,0,20.12,0,11,0,,7.1,0,,33.6,0,
7/30/2025,20:00,,,, ,9.3,-0.12,0,,,42.6,0,2.9,0,11.3,0,19.24,0,10,0,,7.1,0,,33.5,0,
7/30/2025,20:15,,,, ,9.4,-0.13,0,,,37.7,0,2.6,0,9.9,0,17.06,0,8,0,,7,0,,33.3,0,
7/30/2025,20:30,,,, ,9.1,-0.15,0,,,35.8,0,2.4,0,10.4,0,17.81,0,7,0,,7,0,,33.3,0,
7/30/2025,20:45,,,, ,9.1,-0.16,0,,,36.2,0,2.5,0,9.9,0,16.95,0,7,0,,7,0,,33.3,0,
7/30/2025,21:00,,,, ,8.9,-0.18,0,,,33.1,0,2.3,0,9.8,0,16.9,0,8,0,,7,0,,33.2,0,
7/30/2025,21:15,,,, ,9.4,-0.19,0,,,33.4,0,2.3,0,9,0,15.64,0,7,0,,7,0,,33.1,0,
7/30/2025,21:30,,,, ,9.3,-0.2,0,,,33.7,0,2.3,0,8.3,0,14.5,0,7,0,,7,0,,33,0,
7/30/2025,21:45,,,, ,9.3,-0.21,0,,,31.8,0,2.2,0,8.4,0,14.69,0,7,0,,7,0,,33,0,
7/30/2025,22:00,,,, ,9.7,-0.21,0,,,32.2,0,2.2,0,7.8,0,13.73,0,7,0,,7,0,,33,0,
7/30/2025,22:15,,,, ,9.3,-0.22,0,,,25.4,0,1.8,0,7.2,0,12.72,0,7,0,,6.9,0,,32.9,0,
7/30/2025,22:30,,,, ,9,-0.23,0,,,21.9,0,1.5,0,6.9,0,12.22,0,7,0,,6.9,0,,32.8,0,
7/30/2025,22:45,,,, ,9.5,-0.22,0,,,28.1,0,2,0,6.2,0,11.11,0,7,0,,6.9,0,,32.7,0,
7/30/2025,23:00,,,, ,9.9,-0.21,0,,,32.8,0,2.3,0,5.9,0,10.56,0,8,0,,6.9,0,,32.6,0,
7/30/2025,23:15,,,, ,10.1,-0.19,0,,,36.6,0,2.6,0,5.2,0,9.34,0,8,0,,6.9,0,,32.5,0,
7/30/2025,23:30,,,, ,10.7,-0.18,0,,,40.4,0,2.9,0,4.7,0,8.44,0,9,0,,6.9,0,,32.2,0,
7/30/2025,23:45,,,, ,10.7,-0.16,0,,,40.6,0,2.9,0,4.8,0,8.66,0,9,0,,6.9,0,,32.1,0,
7/31/2025,0:00,,,, ,10.6,-0.14,0,,,40,0,2.8,0,5.9,0,10.59,0,11,0,,6.9,0,,32.2,0,
7/31/2025,0:15,,,, ,10.7,-0.1,0,,,42.7,0,3,0,6,0,10.66,0,8,0,,6.9,0,,32,0,
7/31/2025,0:30,,,, ,10.6,-0.07,0,,,43.3,0,3,0,7.2,0,12.73,0,9,0,,7,0,,32.2,0,
7/31/2025,0:45,,,, ,10.6,-0.05,0,,,43.3,0,3,0,7.2,0,12.64,0,10,0,,7,0,,32.1,0,
7/31/2025,1:00,,,, ,10.5,-0.02,0,,,44.2,0,3.1,0,7.1,0,12.54,0,9,0,,7,0,,31.9,0,
7/31/2025,1:15,,,, ,10.7,0.01,0,,,44.9,0,3.2,0,7.7,0,13.52,0,10,0,,7,0,,31.9,0,
7/31/2025,1:30,,,, ,10.1,0.04,0,,,43.8,0,3,0,10,0,17.16,0,11,0,,7,0,,32.5,0,
7/31/2025,1:45,,,, ,10.1,0.06,0,,,45,0,3.1,0,10.2,0,17.51,0,10,0,,7.1,0,,32.2,0,
7/31/2025,2:00,,,, ,9.5,0.09,0,,,42.5,0,2.9,0,12.2,0,20.54,0,12,0,,7.1,0,,32.5,0,
7/31/2025,2:15,,,, ,9.2,0.11,0,,,40.8,0,2.8,0,13,0,21.91,0,12,0,,7.1,0,,32.6,0,
7/31/2025,2:30,,,, ,10.1,0.14,0,,,45.1,0,3.1,0,12.2,0,20.6,0,11,0,,7.1,0,,32.1,0,
7/31/2025,2:45,,,, ,8.2,0.15,0,,,37.6,0,2.5,0,15.3,0,25.37,0,11,0,,7.1,0,,32.5,0,
7/31/2025,3:00,,,, ,7.6,0.16,0,,,36,0,2.4,0,16.2,0,26.71,0,10,0,,7.2,0,,32.6,0,
7/31/2025,3:15,,,, ,6.9,0.16,0,,,34.3,0,2.3,0,16.9,0,27.7,0,7,0,,7.2,0,,32.4,0,
7/31/2025,3:30,,,, ,6.6,0.16,0,,,28.9,0,1.9,0,17.7,0,28.91,0,7,0,,7.2,0,,32.6,0,
7/31/2025,3:45,,,, ,6.6,0.14,0,,,26.3,0,1.7,0,18.2,0,29.67,0,8,0,,7.2,0,,32.7,0,
7/31/2025,4:00,,,, ,6.2,0.13,0,,,27.6,0,1.8,0,18.2,0,29.74,0,7,0,,7.2,0,,32.7,0,
7/31/2025,4:15,,,, ,6.3,0.11,0,,,26.6,0,1.7,0,18.1,0,29.46,0,8,0,,7.2,0,,32.6,0,
7/31/2025,4:30,,,, ,6.8,0.09,0,,,28.3,0,1.9,0,17.6,0,28.72,0,8,0,,7.2,0,,32.7,0,
7/31/2025,4:45,,,, ,7.4,0.07,0,,,31.3,0,2.1,0,16.2,0,26.68,0,11,0,,7.2,0,,32.7,0,
7/31/2025,5:00,,,, ,6.8,0.05,0,,,28.4,0,1.9,0,17.4,0,28.5,0,9,0,,7.2,0,,32.8,0,
7/31/2025,5:15,,,, ,7.7,0.03,0,,,37.2,0,2.4,0,17.2,0,28.19,0,13,0,,7.2,0,,32.8,0,
7/31/2025,5:30,,,, ,8.7,0.01,0,,,39,0,2.6,0,14.5,0,24.09,0,12,0,,7.2,0,,32.8,0,
7/31/2025,5:45,,,, ,8.5,-0.01,0,,,37.6,0,2.5,0,15.3,0,25.36,0,12,0,,7.2,0,,32.8,0,
7/31/2025,6:00,,,, ,7.9,-0.03,0,,,31.2,0,2.1,0,16.1,0,26.58,0,10,0,,7.2,0,,32.8,0,
7/31/2025,6:15,,,, ,7.9,-0.04,0,,,33.7,0,2.2,0,15.3,0,25.35,0,10,0,,7.2,0,,32.8,0,
7/31/2025,6:30,,,, ,7.8,-0.06,0,,,28.7,0,1.9,0,15.4,0,25.57,0,10,0,,7.1,0,,32.8,0,
7/31/2025,6:45,,,, ,7.7,-0.07,0,,,25.2,0,1.7,0,15.2,0,25.14,0,8,0,,7.1,0,,32.9,0,
7/31/2025,7:00,,,, ,7.6,-0.09,0,,,26.2,0,1.7,0,15.1,0,24.99,0,8,0,,7.1,0,,32.8,0,
7/31/2025,7:15,,,, ,8.3,-0.1,0,,,26.7,0,1.8,0,14.4,0,23.94,0,9,0,,7.1,0,,32.8,0,
7/31/2025,7:30,,,, ,8.2,-0.12,0,,,24.3,0,1.6,0,14.3,0,23.86,0,7,0,,7.1,0,,32.8,0,
7/31/2025,7:45,,,, ,8,-0.14,0,,,25.6,0,1.7,0,13.9,0,23.16,0,7,0,,7.1,0,,32.8,0,
7/31/2025,8:00,,,, ,7.9,-0.15,0,,,24.5,0,1.6,0,14.2,0,23.64,0,9,0,,7.1,0,,32.8,0,
7/31/2025,8:15,,,, ,8.2,-0.17,0,,,23.7,0,1.6,0,13.5,0,22.62,0,7,0,,7.1,0,,32.7,0,
7/31/2025,8:30,,,, ,8,-0.18,0,,,22.4,0,1.5,0,13.1,0,22,0,7,0,,7.1,0,,32.7,0,
7/31/2025,8:45,,,, ,8.6,-0.2,0,,,22.1,0,1.5,0,12.1,0,20.52,0,7,0,,7.1,0,,32.6,0,
7/31/2025,9:00,,,, ,8.7,-0.21,0,,,23.1,0,1.6,0,11.2,0,19.09,0,7,0,,7,0,,32.4,0,
7/31/2025,9:15,,,, ,8.4,-0.22,0,,,22.6,0,1.5,0,11,0,18.69,0,7,0,,7,0,,32.4,0,
7/31/2025,9:30,,,, ,9,-0.24,0,,,22.7,0,1.6,0,10.5,0,17.89,0,7,0,,7,0,,32.3,0,
7/31/2025,9:45,,,, ,9.4,-0.24,0,,,23.9,0,1.7,0,9.2,0,15.89,0,8,0,,7,0,,32.2,0,
7/31/2025,10:00,,,, ,9.2,-0.25,0,,,22.4,0,1.6,0,8.3,0,14.5,0,6,0,,7,0,,32.1,0,
7/31/2025,10:15,,,, ,9.5,-0.26,0,,,22.3,0,1.6,0,7.5,0,13.11,0,7,0,,6.9,0,,32,0,
7/31/2025,10:30,,,, ,9.4,-0.27,0,,,21.4,0,1.5,0,6.7,0,11.89,0,6,0,,6.9,0,,31.9,0,
7/31/2025,10:45,,,, ,10.1,-0.27,0,,,23,0,1.6,0,6.9,0,12.17,0,6,0,,6.9,0,,31.8,0,
7/31/2025,11:00,,,, ,9.6,-0.28,0,,,22.8,0,1.6,0,6.1,0,10.84,0,6,0,,6.9,0,,31.7,0,
7/31/2025,11:15,,,, ,10.1,-0.27,0,,,24.8,0,1.8,0,5.5,0,9.86,0,6,0,,6.9,0,,31.5,0,
7/31/2025,11:30,,,, ,10.1,-0.26,0,,,27.2,0,2,0,4.6,0,8.41,0,6,0,,6.9,0,,31.4,0,
7/31/2025,11:45,,,, ,10.6,-0.24,0,,,32.3,0,2.3,0,4.3,0,7.83,0,8,0,,6.9,0,,31.4,0,
7/31/2025,12:00,,,, ,10.4,-0.23,0,,,38.6,0,2.8,0,3.9,0,7.21,0,11,0,,6.9,0,,32.2,0,
7/31/2025,12:15,,,, ,10.8,-0.2,0,,,38.6,0,2.8,0,4.1,0,7.45,0,10,0,,6.9,0,,31.8,0,
7/31/2025,12:30,,,, ,10.9,-0.17,0,,,44.5,0,3.1,0,4.7,0,8.57,0,11,0,,6.9,0,,32.9,0,
7/31/2025,12:45,,,, ,10.8,-0.15,0,,,47.3,0,3.3,0,5.9,0,10.6,0,12,0,,6.9,0,,33.5,0,
7/31/2025,13:00,,,, ,10.5,-0.12,0,,,42.1,0,2.9,0,8.7,0,15.14,0,14,0,,7,0,,33.1,0,
7/31/2025,13:15,,,, ,10.8,-0.09,0,,,44,0,3,0,9,0,15.53,0,14,0,,7,0,,33.5,0,
7/31/2025,13:30,,,, ,10.7,-0.06,0,,,46.3,0,3.1,0,8.5,0,14.88,0,14,0,,7,0,,33.8,0,
7/31/2025,13:45,,,, ,10.5,-0.03,0,,,43.7,0,2.9,0,10.4,0,17.77,0,12,0,,7,0,,33.6,0,
7/31/2025,14:00,,,, ,11.6,0,0,,,54.4,0,3.6,0,8.4,0,14.58,0,13,0,,7.1,0,,34.5,0,
7/31/2025,14:15,,,, ,10.8,0.04,0,,,53.9,0,3.6,0,9.6,0,16.66,0,13,0,,7.1,0,,34.8,0,
7/31/2025,14:30,,,, ,11.2,0.07,0,,,59.9,0,3.9,0,10.6,0,18.12,0,13,0,,7.1,0,,35.2,0,
7/31/2025,14:45,,,, ,11.1,0.1,0,,,61.3,0,4,0,13,0,21.92,0,16,0,,7.2,0,,35.1,0,
7/31/2025,15:00,,,, ,11.8,0.13,0,,,63.9,0,4.1,0,14,0,23.49,0,16,0,,7.2,0,,35.2,0,
7/31/2025,15:15,,,, ,10.2,0.16,0,,,60.3,0,3.9,0,16.1,0,26.59,0,20,0,,7.3,0,,34.6,0,
7/31/2025,15:30,,,, ,10.1,0.18,0,,,58.4,0,3.7,0,16.5,0,27.2,0,18,0,,7.3,0,,34.7,0,
7/31/2025,15:45,,,, ,10.5,0.2,0,,,65.5,0,4.2,0,17.1,0,28.07,0,17,0,,7.3,0,,35,0,
7/31/2025,16:00,,,, ,8.3,0.2,0,,,59.1,0,3.8,0,17.6,0,28.88,0,15,0,,7.3,0,,34.8,0,
7/31/2025,16:15,,,, ,9.5,0.21,0,,,64.9,0,4.1,0,17.6,0,28.81,0,15,0,,7.4,0,,35,0,
7/31/2025,16:30,,,, ,8.1,0.2,0,,,58,0,3.7,0,17.7,0,29.08,0,9,0,,7.3,0,,35.1,0,
7/31/2025,16:45,,,, ,7.5,0.19,0,,,52.2,0,3.3,0,17.8,0,29.2,0,12,0,,7.3,0,,35.1,0,
7/31/2025,17:00,,,, ,7.1,0.17,0,,,54.8,0,3.5,0,17.7,0,29.05,0,12,0,,7.3,0,,35,0,
7/31/2025,17:15,,,, ,9,0.15,0,,,60,0,3.8,0,17.1,0,28.13,0,14,0,,7.3,0,,34.9,0,
7/31/2025,17:30,,,, ,8.2,0.13,0,,,60,0,3.8,0,16.7,0,27.57,0,12,0,,7.3,0,,34.9,0,
7/31/2025,17:45,,,, ,9.6,0.1,0,,,59.6,0,3.8,0,14.7,0,24.51,0,13,0,,7.3,0,,35,0,
7/31/2025,18:00,,,, ,9,0.08,0,,,53.9,0,3.5,0,13.9,0,23.26,0,12,0,,7.2,0,,34.9,0,
7/31/2025,18:15,,,, ,8.9,0.06,0,,,50.9,0,3.3,0,13.6,0,22.8,0,12,0,,7.2,0,,34.8,0,
7/31/2025,18:30,,,, ,8.9,0.03,0,,,47.2,0,3.1,0,13.5,0,22.61,0,11,0,,7.2,0,,34.6,0,
7/31/2025,18:45,,,, ,8.9,0.01,0,,,44.5,0,2.9,0,13.4,0,22.5,0,11,0,,7.2,0,,34.4,0,
7/31/2025,19:00,,,, ,9,0,0,,,47.9,0,3.1,0,14.1,0,23.59,0,12,0,,7.2,0,,34.4,0,
7/31/2025,19:15,,,, ,9.3,-0.03,0,,,47,0,3.1,0,13.7,0,22.99,0,12,0,,7.2,0,,34.2,0,
7/31/2025,19:30,,,, ,9.3,-0.04,0,,,45.5,0,3,0,13.6,0,22.82,0,13,0,,7.2,0,,34.3,0,
7/31/2025,19:45,,,, ,8,-0.06,0,,,41.2,0,2.7,0,14.9,0,24.84,0,9,0,,7.2,0,,34.4,0,
7/31/2025,20:00,,,, ,7.6,-0.08,0,,,39.6,0,2.6,0,15,0,24.87,0,8,0,,7.2,0,,34.3,0,
7/31/2025,20:15,,,, ,8.1,-0.09,0,,,39.9,0,2.6,0,15.1,0,25.03,0,10,0,,7.2,0,,34.3,0,
7/31/2025,20:30,,,, ,7.7,-0.11,0,,,36.3,0,2.4,0,14.8,0,24.59,0,8,0,,7.1,0,,34.3,0,
7/31/2025,20:45,,,, ,8.1,-0.12,0,,,35.7,0,2.3,0,14.2,0,23.65,0,8,0,,7.1,0,,34.2,0,
7/31/2025,21:00,,,, ,8.1,-0.14,0,,,31.6,0,2.1,0,13.1,0,22.06,0,7,0,,7.1,0,,34.1,0,
7/31/2025,21:15,,,, ,8,-0.15,0,,,27.6,0,1.8,0,12.7,0,21.37,0,7,0,,7.1,0,,34.1,0,
7/31/2025,21:30,,,, ,8.3,-0.16,0,,,28.3,0,1.9,0,11.2,0,19.1,0,9,0,,7,0,,33.9,0,
7/31/2025,21:45,,,, ,8,-0.17,0,,,27,0,1.8,0,11.9,0,20.15,0,7,0,,7.1,0,,33.9,0,
7/31/2025,22:00,,,, ,8.7,-0.18,0,,,26,0,1.7,0,10.7,0,18.28,0,5,0,,7,0,,33.9,0,
7/31/2025,22:15,,,, ,8.4,-0.2,0,,,24.8,0,1.7,0,10,0,17.21,0,6,0,,7,0,,33.8,0,
7/31/2025,22:30,,,, ,8.3,-0.21,0,,,23.9,0,1.6,0,10.5,0,17.96,0,6,0,,7,0,,33.8,0,
7/31/2025,22:45,,,, ,8.8,-0.22,0,,,24,0,1.6,0,9.7,0,16.68,0,5,0,,7,0,,33.8,0,
7/31/2025,23:00,,,, ,8.5,-0.22,0,,,24.2,0,1.6,0,9.1,0,15.8,0,5,0,,7,0,,33.7,0,
7/31/2025,23:15,,,, ,8.7,-0.23,0,,,23.6,0,1.6,0,8.6,0,14.92,0,7,0,,7,0,,33.7,0,
7/31/2025,23:30,,,, ,9.1,-0.23,0,,,26.6,0,1.8,0,8.2,0,14.38,0,6,0,,7,0,,33.7,0,
7/31/2025,23:45,,,, ,9.1,-0.23,0,,,30.6,0,2.1,0,7.4,0,13.09,0,7,0,,7,0,,33.6,0,
8/1/2025,0:00,,,, ,9.6,-0.22,0,,,29.8,0,2.1,0,6.5,0,11.54,0,7,0,,6.9,0,,33.5,0,
8/1/2025,0:15,,,, ,9.7,-0.21,0,,,29.9,0,2.1,0,5.9,0,10.48,0,7,0,,6.9,0,,33.4,0,
8/1/2025,0:30,,,, ,10.4,-0.2,0,,,38.5,0,2.7,0,5.1,0,9.28,0,11,0,,6.9,0,,32.9,0,
8/1/2025,0:45,,,, ,10.3,-0.18,0,,,39.8,0,2.8,0,5.1,0,9.28,0,10,0,,6.9,0,,32.9,0,
8/1/2025,1:00,,,, ,10.4,-0.16,0,,,40.1,0,2.8,0,5.8,0,10.33,0,8,0,,6.9,0,,32.9,0,
8/1/2025,1:15,,,, ,10.2,-0.14,0,,,40.5,0,2.8,0,6,0,10.69,0,9,0,,6.9,0,,32.8,0,
8/1/2025,1:30,,,, ,10.2,-0.11,0,,,40.4,0,2.8,0,6.2,0,11.03,0,8,0,,7,0,,32.5,0,
8/1/2025,1:45,,,, ,10.5,-0.09,0,,,42.5,0,2.9,0,7.7,0,13.47,0,10,0,,7,0,,33,0,
8/1/2025,2:00,,,, ,10.1,-0.07,0,,,42.2,0,2.9,0,9.9,0,17.09,0,11,0,,7,0,,33.4,0,
8/1/2025,2:15,,,, ,8.6,-0.05,0,,,35.4,0,2.4,0,11.6,0,19.66,0,9,0,,7,0,,33.6,0,
8/1/2025,2:30,,,, ,8.9,-0.03,0,,,38.7,0,2.6,0,12.2,0,20.64,0,11,0,,7.1,0,,33.7,0,
8/1/2025,2:45,,,, ,9.1,0,0,,,37.3,0,2.5,0,10.9,0,18.54,0,9,0,,7,0,,33.4,0,
8/1/2025,3:00,,,, ,8.3,0.02,0,,,34.4,0,2.3,0,12.6,0,21.23,0,7,0,,7.1,0,,33.6,0,
8/1/2025,3:15,,,, ,8.3,0.04,0,,,37.1,0,2.5,0,13.9,0,23.2,0,9,0,,7.1,0,,33.7,0,
8/1/2025,3:30,,,, ,8.3,0.05,0,,,36.1,0,2.4,0,13.9,0,23.29,0,9,0,,7.1,0,,33.5,0,
8/1/2025,3:45,,,, ,7.8,0.06,0,,,34,0,2.2,0,15.1,0,25.06,0,10,0,,7.1,0,,33.5,0,
8/1/2025,4:00,,,, ,7.2,0.07,0,,,29.3,0,1.9,0,16.1,0,26.63,0,7,0,,7.1,0,,33.5,0,
8/1/2025,4:15,,,, ,6.7,0.06,0,,,27.2,0,1.8,0,17.6,0,28.76,0,8,0,,7.2,0,,33.6,0,
8/1/2025,4:30,,,, ,6.9,0.05,0,,,28.3,0,1.8,0,17.3,0,28.39,0,8,0,,7.2,0,,33.4,0,
8/1/2025,4:45,,,, ,6.5,0.04,0,,,25.8,0,1.7,0,18.5,0,30.23,0,8,0,,7.2,0,,33.9,0,
8/1/2025,5:00,,,, ,6.1,0.02,0,,,24.2,0,1.6,0,18.7,0,30.53,0,8,0,,7.2,0,,33.9,0,
8/1/2025,5:15,,,, ,7.8,0.01,0,,,36.2,0,2.3,0,18.1,0,29.56,0,13,0,,7.2,0,,33.9,0,
8/1/2025,5:30,,,, ,7,-0.01,0,,,32.5,0,2.1,0,17.9,0,29.28,0,10,0,,7.2,0,,33.9,0,
8/1/2025,5:45,,,, ,6.6,-0.03,0,,,26.8,0,1.7,0,18.2,0,29.75,0,9,0,,7.2,0,,33.8,0,
8/1/2025,6:00,,,, ,6.4,-0.04,0,,,25.4,0,1.6,0,17.8,0,29.19,0,7,0,,7.2,0,,33.8,0,
8/1/2025,6:15,,,, ,6.4,-0.06,0,,,22.6,0,1.5,0,17.4,0,28.54,0,8,0,,7.2,0,,33.8,0,
8/1/2025,6:30,,,, ,6.8,-0.07,0,,,24.9,0,1.6,0,17.3,0,28.35,0,8,0,,7.2,0,,33.8,0,
8/1/2025,6:45,,,, ,6.8,-0.09,0,,,21.4,0,1.4,0,16.8,0,27.63,0,8,0,,7.2,0,,33.9,0,
8/1/2025,7:00,,,, ,6.7,-0.1,0,,,22.4,0,1.5,0,16.6,0,27.28,0,9,0,,7.2,0,,33.9,0,
8/1/2025,7:15,,,, ,7.2,-0.12,0,,,23.6,0,1.5,0,16.1,0,26.57,0,8,0,,7.2,0,,33.9,0,
8/1/2025,7:30,,,, ,7,-0.13,0,,,23.9,0,1.6,0,16.4,0,27.11,0,7,0,,7.2,0,,34,0,
8/1/2025,7:45,,,, ,7.5,-0.15,0,,,22.7,0,1.5,0,15.4,0,25.48,0,8,0,,7.1,0,,33.9,0,
8/1/2025,8:00,,,, ,7.1,-0.16,0,,,24.8,0,1.6,0,15.7,0,26.05,0,7,0,,7.1,0,,33.9,0,
8/1/2025,8:15,,,, ,7.3,-0.18,0,,,21.3,0,1.4,0,14.8,0,24.59,0,8,0,,7.1,0,,33.8,0,
8/1/2025,8:30,,,, ,7.1,-0.19,0,,,19.6,0,1.3,0,14.7,0,24.54,0,7,0,,7.1,0,,33.7,0,
8/1/2025,8:45,,,, ,7.1,-0.21,0,,,20.7,0,1.4,0,15.5,0,25.73,0,8,0,,7.1,0,,33.8,0,
8/1/2025,9:00,,,, ,7.4,-0.22,0,,,21.6,0,1.4,0,14.4,0,23.96,0,7,0,,7.1,0,,33.7,0,
8/1/2025,9:15,,,, ,7.2,-0.23,0,,,22.7,0,1.5,0,15.5,0,25.7,0,7,0,,7.1,0,,33.9,0,
8/1/2025,9:30,,,, ,7.6,-0.24,0,,,20.2,0,1.3,0,14.9,0,24.7,0,7,0,,7.1,0,,33.8,0,
8/1/2025,9:45,,,, ,7.9,-0.25,0,,,20.4,0,1.3,0,14.4,0,24.04,0,8,0,,7.1,0,,33.8,0,
8/1/2025,10:00,,,, ,7.9,-0.26,0,,,21.5,0,1.4,0,13.2,0,22.13,0,7,0,,7.1,0,,33.5,0,
8/1/2025,10:15,,,, ,8.1,-0.26,0,,,21.1,0,1.4,0,12.4,0,20.94,0,7,0,,7.1,0,,33.4,0,
8/1/2025,10:30,,,, ,8.7,-0.27,0,,,23.2,0,1.6,0,10.3,0,17.66,0,7,0,,7,0,,33,0,
8/1/2025,10:45,,,, ,9.3,-0.28,0,,,25.7,0,1.8,0,7.6,0,13.34,0,7,0,,7,0,,32.8,0,
8/1/2025,11:00,,,, ,9.6,-0.28,0,,,26,0,1.8,0,6.8,0,12.09,0,6,0,,7,0,,32.7,0,
8/1/2025,11:15,,,, ,9.3,-0.3,0,,,24.6,0,1.7,0,8,0,13.96,0,7,0,,7,0,,32.7,0,
8/1/2025,11:30,,,, ,8.8,-0.3,0,,,21.5,0,1.5,0,10.4,0,17.74,0,7,0,,7,0,,32.9,0,
8/1/2025,11:45,,,, ,8.7,-0.31,0,,,21.1,0,1.4,0,10.2,0,17.45,0,7,0,,7,0,,33,0,
8/1/2025,12:00,,,, ,8.7,-0.31,0,,,21.8,0,1.5,0,9.1,0,15.71,0,7,0,,7,0,,32.8,0,
8/1/2025,12:15,,,, ,9.4,-0.31,0,,,24.5,0,1.7,0,6.9,0,12.14,0,6,0,,7,0,,32.7,0,
8/1/2025,12:30,,,, ,9.9,-0.29,0,,,27.6,0,1.9,0,6.5,0,11.47,0,8,0,,7,0,,32.6,0,
8/1/2025,12:45,,,, ,9.9,-0.28,0,,,36.7,0,2.6,0,4.2,0,7.68,0,8,0,,6.9,0,,32.5,0,
8/1/2025,13:00,,,, ,10.4,-0.26,0,,,40.9,0,2.9,0,3.9,0,7.22,0,12,0,,6.9,0,,32.6,0,
8/1/2025,13:15,,,, ,10.4,-0.24,0,,,46.4,0,3.2,0,4,0,7.32,0,11,0,,6.9,0,,33.5,0,
8/1/2025,13:30,,,, ,10.9,-0.2,0,,,52.8,0,3.6,0,5,0,9.02,0,14,0,,7,0,,33.9,0,
8/1/2025,13:45,,,, ,11.1,-0.18,0,,,50.1,0,3.4,0,9.1,0,15.73,0,16,0,,7,0,,34.3,0,
8/1/2025,14:00,,,, ,10.9,-0.16,0,,,50.1,0,3.4,0,9,0,15.57,0,16,0,,7.1,0,,34.4,0,
8/1/2025,14:15,,,, ,11.2,-0.13,0,,,56.8,0,3.8,0,7.1,0,12.63,0,15,0,,7.1,0,,34.8,0,
8/1/2025,14:30,,,, ,10.7,-0.1,0,,,48,0,3.2,0,9.8,0,16.87,0,15,0,,7.1,0,,34.4,0,
8/1/2025,14:45,,,, ,9.8,-0.07,0,,,44.8,0,3,0,11,0,18.77,0,13,0,,7.1,0,,34.4,0,
8/1/2025,15:00,,,, ,10.6,-0.04,0,,,53.2,0,3.5,0,10.8,0,18.42,0,15,0,,7.1,0,,34.7,0,
8/1/2025,15:15,,,, ,11.6,0,0,,,60.1,0,3.9,0,10.4,0,17.81,0,16,0,,7.2,0,,35.1,0,
8/1/2025,15:30,,,, ,11.7,0.04,0,,,67.9,0,4.4,0,11.4,0,19.48,0,17,0,,7.2,0,,35.6,0,
8/1/2025,15:45,,,, ,11.8,0.07,0,,,72.1,0,4.6,0,12.8,0,21.59,0,18,0,,7.3,0,,35.6,0,
8/1/2025,16:00,,,, ,12,0.1,0,,,79.3,0,5,0,14.1,0,23.68,0,19,0,,7.4,0,,35.9,0,
8/1/2025,16:15,,,, ,10.4,0.12,0,,,75.3,0,4.8,0,15.2,0,25.24,0,16,0,,7.4,0,,35.8,0,
8/1/2025,16:30,,,, ,11.3,0.14,0,,,77,0,4.9,0,15.9,0,26.4,0,17,0,,7.4,0,,35.9,0,
8/1/2025,16:45,,,, ,11.5,0.15,0,,,77.1,0,4.8,0,16.2,0,26.83,0,16,0,,7.4,0,,36,0,
8/1/2025,17:00,,,, ,10.1,0.16,0,,,75.3,0,4.7,0,16.5,0,27.29,0,14,0,,7.4,0,,36,0,
8/1/2025,17:15,,,, ,7.5,0.15,0,,,55.8,0,3.5,0,16.9,0,27.83,0,10,0,,7.3,0,,35.8,0,
8/1/2025,17:30,,,, ,7.1,0.15,0,,,51.4,0,3.2,0,17,0,27.93,0,11,0,,7.3,0,,35.7,0,
8/1/2025,17:45,,,, ,9.4,0.13,0,,,65.3,0,4.1,0,16.6,0,27.44,0,14,0,,7.4,0,,35.7,0,
8/1/2025,18:00,,,, ,8.7,0.11,0,,,62.2,0,3.9,0,16.4,0,27.07,0,14,0,,7.3,0,,35.5,0,
8/1/2025,18:15,,,, ,9.1,0.09,0,,,61,0,3.9,0,15.7,0,26.04,0,13,0,,7.3,0,,35.4,0,
8/1/2025,18:30,,,, ,10,0.07,0,,,65,0,4.1,0,14.5,0,24.23,0,13,0,,7.3,0,,35.6,0,
8/1/2025,18:45,,,, ,8.9,0.05,0,,,57.4,0,3.7,0,14.9,0,24.87,0,13,0,,7.3,0,,35.5,0,
8/1/2025,19:00,,,, ,8.2,0.03,0,,,53.7,0,3.4,0,15,0,24.98,0,10,0,,7.3,0,,35.4,0,
8/1/2025,19:15,,,, ,8.9,0.01,0,,,54.3,0,3.5,0,16.2,0,26.75,0,13,0,,7.3,0,,35.2,0,
8/1/2025,19:30,,,, ,8.8,-0.01,0,,,51,0,3.3,0,15.3,0,25.36,0,12,0,,7.3,0,,35.2,0,
8/1/2025,19:45,,,, ,9.7,-0.03,0,,,54.7,0,3.5,0,15.7,0,25.99,0,14,0,,7.3,0,,35.1,0,
8/1/2025,20:00,,,, ,9.9,-0.05,0,,,54.1,0,3.5,0,14.7,0,24.5,0,14,0,,7.3,0,,35,0,
8/1/2025,20:15,,,, ,10,-0.06,0,,,54.6,0,3.5,0,14.9,0,24.82,0,14,0,,7.3,0,,35,0,
8/1/2025,20:30,,,, ,9.2,-0.08,0,,,52.5,0,3.4,0,15,0,25.04,0,12,0,,7.3,0,,35,0,
8/1/2025,20:45,,,, ,8,-0.1,0,,,43.3,0,2.8,0,15.5,0,25.77,0,10,0,,7.2,0,,35,0,
8/1/2025,21:00,,,, ,8.1,-0.11,0,,,38.2,0,2.5,0,15.6,0,25.91,0,9,0,,7.2,0,,34.9,0,
8/1/2025,21:15,,,, ,8.1,-0.13,0,,,42.9,0,2.8,0,15.6,0,25.93,0,8,0,,7.2,0,,34.9,0,
8/1/2025,21:30,,,, ,7.5,-0.15,0,,,38.4,0,2.5,0,15.3,0,25.4,0,8,0,,7.2,0,,35,0,
8/1/2025,21:45,,,, ,7.9,-0.17,0,,,39.8,0,2.6,0,15.3,0,25.4,0,8,0,,7.2,0,,34.9,0,
8/1/2025,22:00,,,, ,8.1,-0.18,0,,,38.9,0,2.5,0,15.2,0,25.21,0,8,0,,7.2,0,,34.9,0,
8/1/2025,22:15,,,, ,7.9,-0.19,0,,,37.1,0,2.4,0,14.9,0,24.84,0,8,0,,7.2,0,,34.8,0,
8/1/2025,22:30,,,, ,7.9,-0.21,0,,,33.8,0,2.2,0,14.1,0,23.58,0,8,0,,7.2,0,,34.7,0,
8/1/2025,22:45,,,, ,8.3,-0.22,0,,,31.6,0,2.1,0,13.2,0,22.23,0,8,0,,7.1,0,,34.6,0,
8/1/2025,23:00,,,, ,8.1,-0.23,0,,,28.4,0,1.9,0,12.4,0,21.03,0,7,0,,7.1,0,,34.5,0,
8/1/2025,23:15,,,, ,8.2,-0.24,0,,,28,0,1.8,0,11.9,0,20.12,0,7,0,,7.1,0,,34.3,0,
8/1/2025,23:30,,,, ,8.5,-0.25,0,,,29.2,0,1.9,0,11.8,0,19.99,0,7,0,,7.1,0,,34.3,0,
8/1/2025,23:45,,,, ,8.2,-0.26,0,,,30.2,0,2,0,12.6,0,21.24,0,6,0,,7.1,0,,34.4,0,
8/2/2025,0:00,,,, ,8.1,-0.27,0,,,28.2,0,1.9,0,11.9,0,20.14,0,7,0,,7.1,0,,34.3,0,
8/2/2025,0:15,,,, ,8.4,-0.27,0,,,28.7,0,1.9,0,12.2,0,20.7,0,8,0,,7.1,0,,34.3,0,
8/2/2025,0:30,,,, ,8.3,-0.28,0,,,27.8,0,1.9,0,11.2,0,19.06,0,6,0,,7.1,0,,34.1,0,
8/2/2025,0:45,,,, ,8.5,-0.28,0,,,26.8,0,1.8,0,9.9,0,17.04,0,7,0,,7.1,0,,33.8,0,
8/2/2025,1:00,,,, ,8.5,-0.28,0,,,27.4,0,1.9,0,9.3,0,16.07,0,6,0,,7,0,,33.6,0,
8/2/2025,1:15,,,, ,9.2,-0.27,0,,,30.8,0,2.1,0,7,0,12.32,0,7,0,,7,0,,33.3,0,
8/2/2025,1:30,,,, ,9.7,-0.26,0,,,34.5,0,2.4,0,6.5,0,11.6,0,7,0,,7,0,,33.3,0,
8/2/2025,1:45,,,, ,10.3,-0.24,0,,,43.2,0,3.1,0,5.1,0,9.25,0,11,0,,7,0,,32.1,0,
8/2/2025,2:00,,,, ,9.9,-0.23,0,,,43.6,0,3.1,0,5,0,9.07,0,9,0,,7,0,,32.6,0,
8/2/2025,2:15,,,, ,10.1,-0.21,0,,,43.3,0,3,0,5.7,0,10.26,0,11,0,,7,0,,32.6,0,
8/2/2025,2:30,,,, ,10.1,-0.19,0,,,46.4,0,3.2,0,6.6,0,11.67,0,12,0,,7,0,,32.6,0,
8/2/2025,2:45,,,, ,9.9,-0.17,0,,,47.9,0,3.4,0,6.6,0,11.63,0,10,0,,7.1,0,,32.2,0,
8/2/2025,3:00,,,, ,10,-0.15,0,,,46.1,0,3.2,0,7.6,0,13.37,0,11,0,,7.1,0,,32.8,0,
8/2/2025,3:15,,,, ,9.7,-0.13,0,,,42.2,0,2.9,0,8.7,0,15.16,0,11,0,,7.1,0,,32.9,0,
8/2/2025,3:30,,,, ,10.1,-0.1,0,,,46,0,3.1,0,11,0,18.78,0,17,0,,7.1,0,,33.7,0,
8/2/2025,3:45,,,, ,9.9,-0.08,0,,,47.3,0,3.2,0,10.4,0,17.77,0,12,0,,7.1,0,,33.3,0,
8/2/2025,4:00,,,, ,8.6,-0.06,0,,,40.5,0,2.7,0,12.4,0,20.92,0,11,0,,7.1,0,,33.7,0,
8/2/2025,4:15,,,, ,9,-0.05,0,,,39.4,0,2.6,0,12.4,0,20.9,0,10,0,,7.1,0,,33.7,0,
8/2/2025,4:30,,,, ,9.4,-0.03,0,,,45.5,0,3,0,13.4,0,22.53,0,13,0,,7.2,0,,33.9,0,
8/2/2025,4:45,,,, ,7.9,-0.02,0,,,36.1,0,2.4,0,14.2,0,23.7,0,8,0,,7.1,0,,33.9,0,
8/2/2025,5:00,,,, ,7.5,-0.02,0,,,32.3,0,2.1,0,14.7,0,24.44,0,8,0,,7.2,0,,33.9,0,
8/2/2025,5:15,,,, ,7.5,-0.02,0,,,32.5,0,2.1,0,15.1,0,25.08,0,8,0,,7.2,0,,33.7,0,
8/2/2025,5:30,,,, ,7.4,-0.03,0,,,32.4,0,2.1,0,15.3,0,25.44,0,8,0,,7.2,0,,33.7,0,
8/2/2025,5:45,,,, ,7.1,-0.04,0,,,30.3,0,2,0,16.4,0,27.01,0,9,0,,7.2,0,,34.3,0,
8/2/2025,6:00,,,, ,8.3,-0.05,0,,,42,0,2.7,0,16.5,0,27.2,0,14,0,,7.2,0,,34.5,0,
8/2/2025,6:15,,,, ,6.8,-0.07,0,,,42.9,0,2.8,0,16.1,0,26.62,0,14,0,,7.2,0,,34.5,0,
8/2/2025,6:30,,,, ,8.2,-0.09,0,,,41.1,0,2.6,0,16.1,0,26.57,0,14,0,,7.2,0,,34.6,0,
8/2/2025,6:45,,,, ,8.7,-0.1,0,,,37,0,2.4,0,15.9,0,26.31,0,14,0,,7.2,0,,34.5,0,
8/2/2025,7:00,,,, ,7.4,-0.11,0,,,30.6,0,2,0,16.2,0,26.76,0,10,0,,7.2,0,,34.5,0,
8/2/2025,7:15,,,, ,7.2,-0.13,0,,,31.5,0,2,0,16.2,0,26.7,0,9,0,,7.2,0,,34.5,0,
8/2/2025,7:30,,,, ,7.1,-0.14,0,,,27.2,0,1.8,0,15.7,0,25.98,0,8,0,,7.2,0,,34.5,0,
8/2/2025,7:45,,,, ,7.1,-0.16,0,,,23.8,0,1.5,0,15.4,0,25.5,0,8,0,,7.2,0,,34.4,0,
8/2/2025,8:00,,,, ,7.7,-0.17,0,,,27.2,0,1.8,0,15.3,0,25.38,0,8,0,,7.2,0,,34.4,0,
8/2/2025,8:15,,,, ,7.5,-0.19,0,,,29.4,0,1.9,0,15.6,0,25.87,0,9,0,,7.2,0,,34.5,0,
8/2/2025,8:30,,,, ,7.2,-0.2,0,,,26.5,0,1.7,0,15.4,0,25.61,0,8,0,,7.2,0,,34.4,0,
8/2/2025,8:45,,,, ,7.6,-0.22,0,,,27.8,0,1.8,0,15.2,0,25.25,0,8,0,,7.2,0,,34.4,0,
8/2/2025,9:00,,,, ,7.4,-0.23,0,,,26.6,0,1.7,0,15.2,0,25.2,0,9,0,,7.1,0,,34.4,0,
8/2/2025,9:15,,,, ,7.8,-0.24,0,,,28.2,0,1.8,0,15,0,24.89,0,10,0,,7.2,0,,34.4,0,
8/2/2025,9:30,,,, ,7.5,-0.25,0,,,24.1,0,1.6,0,14.4,0,24.07,0,8,0,,7.1,0,,34.2,0,
8/2/2025,9:45,,,, ,7.7,-0.26,0,,,26.3,0,1.7,0,14.5,0,24.23,0,7,0,,7.1,0,,34.2,0,
8/2/2025,10:00,,,, ,7.5,-0.27,0,,,27.2,0,1.8,0,14.7,0,24.49,0,8,0,,7.1,0,,34.3,0,
8/2/2025,10:15,,,, ,8,-0.28,0,,,27.1,0,1.8,0,14.7,0,24.47,0,10,0,,7.1,0,,34.3,0,
8/2/2025,10:30,,,, ,7.7,-0.29,0,,,23.7,0,1.5,0,14.8,0,24.59,0,9,0,,7.1,0,,34.4,0,
8/2/2025,10:45,,,, ,7.8,-0.3,0,,,23.4,0,1.5,0,13.8,0,23.13,0,9,0,,7.1,0,,34.2,0,
8/2/2025,11:00,,,, ,7.9,-0.31,0,,,23.8,0,1.6,0,12.7,0,21.46,0,8,0,,7.1,0,,33.8,0,
8/2/2025,11:15,,,, ,8.9,-0.32,0,,,27.1,0,1.8,0,11.9,0,20.1,0,7,0,,7.1,0,,33.6,0,
8/2/2025,11:30,,,, ,8.5,-0.32,0,,,24.3,0,1.6,0,10.8,0,18.47,0,9,0,,7.1,0,,33.3,0,
8/2/2025,11:45,,,, ,8.7,-0.33,0,,,25.3,0,1.7,0,11.7,0,19.86,0,8,0,,7.1,0,,33.5,0,
8/2/2025,12:00,,,, ,8.2,-0.33,0,,,22.5,0,1.5,0,10.1,0,17.33,0,8,0,,7.1,0,,33.2,0,
8/2/2025,12:15,,,, ,8.6,-0.35,0,,,29.1,0,2,0,11.1,0,18.93,0,8,0,,7.1,0,,33.3,0,
8/2/2025,12:30,,,, ,8,-0.35,0,,,23.9,0,1.6,0,11.8,0,20.07,0,7,0,,7.1,0,,33.5,0,
8/2/2025,12:45,,,, ,8.5,-0.34,0,,,25.1,0,1.7,0,8.1,0,14.12,0,6,0,,7,0,,32.9,0,
8/2/2025,13:00,,,, ,9.2,-0.33,0,,,35.6,0,2.5,0,4,0,7.27,0,8,0,,7,0,,32.3,0,
8/2/2025,13:15,,,, ,9.1,-0.32,0,,,31.1,0,2.2,0,5.9,0,10.47,0,8,0,,7,0,,32.4,0,
8/2/2025,13:30,,,, ,10.4,-0.31,0,,,49.8,0,3.5,0,5.5,0,9.92,0,19,0,,7.1,0,,33.2,0,
8/2/2025,13:45,,,, ,9.7,-0.29,0,,,47.1,0,3.3,0,4.8,0,8.66,0,12,0,,7,0,,33,0,
8/2/2025,14:00,,,, ,9.7,-0.27,0,,,46.7,0,3.3,0,5.3,0,9.6,0,13,0,,7,0,,33.3,0,
8/2/2025,14:15,,,, ,10.2,-0.25,0,,,52.2,0,3.6,0,5.6,0,10.14,0,15,0,,7.1,0,,33.6,0,
8/2/2025,14:30,,,, ,10.4,-0.23,0,,,58.5,0,4,0,6.5,0,11.57,0,16,0,,7.1,0,,34.3,0,
8/2/2025,14:45,,,, ,10.2,-0.2,0,,,53.8,0,3.6,0,7.8,0,13.61,0,15,0,,7.1,0,,34.3,0,
8/2/2025,15:00,,,, ,10.7,-0.17,0,,,56.7,0,3.8,0,7.4,0,13.06,0,15,0,,7.1,0,,34.4,0,
8/2/2025,15:15,,,, ,10.8,-0.14,0,,,58.3,0,3.9,0,8.3,0,14.57,0,15,0,,7.1,0,,34.5,0,
8/2/2025,15:30,,,, ,11.5,-0.11,0,,,65,0,4.3,0,8.1,0,14.23,0,15,0,,7.2,0,,34.8,0,
8/2/2025,15:45,,,, ,11.4,-0.07,0,,,62.3,0,4.1,0,10.1,0,17.38,0,17,0,,7.2,0,,34.7,0,
8/2/2025,16:00,,,, ,11.6,-0.04,0,,,62.8,0,4.1,0,12.3,0,20.81,0,24,0,,7.3,0,,34.7,0,
8/2/2025,16:15,,,, ,12.1,0,0,,,64.2,0,4.2,0,13.3,0,22.44,0,21,0,,7.3,0,,34.8,0,
8/2/2025,16:30,,,, ,12,0.04,0,,,67.1,0,4.3,0,14.4,0,23.99,0,27,0,,7.4,0,,34.8,0,
8/2/2025,16:45,,,, ,12.5,0.08,0,,,78.6,0,5,0,15.8,0,26.17,0,27,0,,7.5,0,,35.1,0,
8/2/2025,17:00,,,, ,12.9,0.11,0,,,84.5,0,5.4,0,16.2,0,26.71,0,26,0,,7.6,0,,35.2,0,
8/2/2025,17:15,,,, ,13.3,0.14,0,,,88.3,0,5.6,0,16.8,0,27.63,0,25,0,,7.6,0,,35.2,0,
8/2/2025,17:30,,,, ,13.2,0.16,0,,,90.8,0,5.7,0,17.4,0,28.55,0,24,0,,7.6,0,,35.3,0,
8/2/2025,17:45,,,, ,12.4,0.18,0,,,92.1,0,5.8,0,18.1,0,29.68,0,25,0,,7.7,0,,35.3,0,
8/2/2025,18:00,,,, ,10,0.19,0,,,91.5,0,5.7,0,18.7,0,30.49,0,22,0,,7.7,0,,35.2,0,
8/2/2025,18:15,,,, ,9.7,0.2,0,,,88.1,0,5.5,0,18.5,0,30.27,0,18,0,,7.6,0,,35.1,0,
8/2/2025,18:30,,,, ,9.3,0.19,0,,,88.6,0,5.5,0,19.4,0,31.51,0,20,0,,7.6,0,,35.1,0,
8/2/2025,18:45,,,, ,7.4,0.18,0,,,75.1,0,4.7,0,19.2,0,31.32,0,15,0,,7.6,0,,35.1,0,
8/2/2025,19:00,,,, ,8,0.16,0,,,84.9,0,5.3,0,19.9,0,32.25,0,18,0,,7.6,0,,35.1,0,
8/2/2025,19:15,,,, ,10.3,0.15,0,,,82.7,0,5.2,0,18.9,0,30.81,0,18,0,,7.6,0,,35.1,0,
8/2/2025,19:30,,,, ,9.9,0.13,0,,,83.2,0,5.2,0,18.3,0,29.87,0,20,0,,7.6,0,,35.1,0,
8/2/2025,19:45,,,, ,11.5,0.11,0,,,86.2,0,5.4,0,17.7,0,29.07,0,21,0,,7.6,0,,35.2,0,
8/2/2025,20:00,,,, ,9.9,0.09,0,,,76.6,0,4.9,0,16.9,0,27.79,0,16,0,,7.5,0,,35,0,
8/2/2025,20:15,,,, ,10.4,0.06,0,,,74.4,0,4.7,0,16.2,0,26.78,0,17,0,,7.5,0,,35,0,
8/2/2025,20:30,,,, ,10.1,0.05,0,,,74.8,0,4.8,0,16.8,0,27.72,0,18,0,,7.5,0,,35.1,0,
8/2/2025,20:45,,,, ,9.1,0.03,0,,,64,0,4.1,0,16.6,0,27.43,0,15,0,,7.4,0,,35,0,
8/2/2025,21:00,,,, ,11.4,0.01,0,,,73,0,4.7,0,16.2,0,26.83,0,18,0,,7.5,0,,34.9,0,
8/2/2025,21:15,,,, ,11,0,0,,,69.1,0,4.4,0,15.9,0,26.38,0,17,0,,7.4,0,,34.8,0,
8/2/2025,21:30,,,, ,10.9,-0.02,0,,,68.4,0,4.4,0,15.9,0,26.27,0,17,0,,7.4,0,,34.8,0,
8/2/2025,21:45,,,, ,9.3,-0.04,0,,,62.6,0,4,0,16.3,0,26.94,0,15,0,,7.4,0,,34.8,0,
8/2/2025,22:00,,,, ,10.5,-0.06,0,,,63.3,0,4.1,0,15.8,0,26.17,0,17,0,,7.4,0,,34.7,0,
8/2/2025,22:15,,,, ,10.5,-0.08,0,,,58.5,0,3.8,0,14.2,0,23.7,0,15,0,,7.3,0,,34.5,0,
8/2/2025,22:30,,,, ,10.7,-0.1,0,,,59.3,0,3.8,0,15.3,0,25.46,0,15,0,,7.4,0,,34.6,0,
8/2/2025,22:45,,,, ,10.6,-0.11,0,,,56.6,0,3.7,0,14.6,0,24.3,0,15,0,,7.3,0,,34.5,0,
8/2/2025,23:00,,,, ,9.6,-0.13,0,,,53.9,0,3.5,0,15.5,0,25.66,0,13,0,,7.3,0,,34.7,0,
8/2/2025,23:15,,,, ,8.6,-0.15,0,,,46.5,0,3,0,15.1,0,25.15,0,10,0,,7.3,0,,34.6,0,
8/2/2025,23:30,,,, ,9,-0.17,0,,,43.1,0,2.8,0,14.6,0,24.34,0,12,0,,7.3,0,,34.5,0,
8/2/2025,23:45,,,, ,8.6,-0.18,0,,,40.9,0,2.7,0,14.5,0,24.25,0,10,0,,7.2,0,,34.4,0,
8/3/2025,0:00,,,, ,8.8,-0.19,0,,,43.5,0,2.8,0,14.6,0,24.35,0,11,0,,7.3,0,,34.4,0,
8/3/2025,0:15,,,, ,8.4,-0.2,0,,,36.8,0,2.4,0,13.7,0,22.98,0,9,0,,7.2,0,,34.2,0,
8/3/2025,0:30,,,, ,8.5,-0.21,0,,,32.6,0,2.2,0,12.6,0,21.23,0,9,0,,7.2,0,,34,0,
8/3/2025,0:45,,,, ,8.8,-0.21,0,,,34.2,0,2.3,0,12.1,0,20.43,0,9,0,,7.2,0,,33.9,0,
8/3/2025,1:00,,,, ,8.8,-0.21,0,,,34.1,0,2.3,0,11.6,0,19.68,0,8,0,,7.1,0,,33.7,0,
8/3/2025,1:15,,,, ,9.1,-0.2,0,,,37,0,2.5,0,10.6,0,18.06,0,10,0,,7.1,0,,33.5,0,
8/3/2025,1:30,,,, ,8.8,-0.19,0,,,36.5,0,2.5,0,9.3,0,16.1,0,10,0,,7.1,0,,33.1,0,
8/3/2025,1:45,,,, ,9.6,-0.17,0,,,43.4,0,3,0,8.6,0,14.87,0,10,0,,7.1,0,,32.5,0,
8/3/2025,2:00,,,, ,9.7,-0.16,0,,,45.6,0,3.2,0,8.7,0,15.05,0,11,0,,7.1,0,,32.5,0,
8/3/2025,2:15,,,, ,9.3,-0.13,0,,,44.5,0,3.1,0,9.4,0,16.17,0,10,0,,7.1,0,,32.4,0,
8/3/2025,2:30,,,, ,9.2,-0.11,0,,,45.3,0,3.1,0,10.4,0,17.8,0,10,0,,7.2,0,,32.5,0,
8/3/2025,2:45,,,, ,9.7,-0.09,0,,,48.9,0,3.4,0,10.6,0,18.1,0,11,0,,7.2,0,,32.4,0,
8/3/2025,3:00,,,, ,9.7,-0.06,0,,,48.5,0,3.3,0,10.9,0,18.52,0,11,0,,7.2,0,,32.4,0,
8/3/2025,3:15,,,, ,10.1,-0.04,0,,,51.5,0,3.5,0,11.8,0,19.91,0,11,0,,7.2,0,,32.7,0,
8/3/2025,3:30,,,, ,10.1,-0.01,0,,,50.3,0,3.4,0,11.8,0,19.97,0,13,0,,7.2,0,,32.6,0,
8/3/2025,3:45,,,, ,10.2,0.02,0,,,52.4,0,3.5,0,12.9,0,21.63,0,12,0,,7.3,0,,32.6,0,
8/3/2025,4:00,,,, ,9.9,0.04,0,,,54.5,0,3.7,0,13.4,0,22.48,0,11,0,,7.3,0,,32.7,0,
8/3/2025,4:15,,,, ,9.4,0.07,0,,,53.8,0,3.6,0,14.7,0,24.44,0,14,0,,7.3,0,,32.9,0,
8/3/2025,4:30,,,, ,10,0.1,0,,,56,0,3.7,0,15.3,0,25.33,0,15,0,,7.4,0,,32.6,0,
8/3/2025,4:45,,,, ,9.6,0.12,0,,,56.1,0,3.7,0,16.7,0,27.52,0,16,0,,7.4,0,,32.7,0,
8/3/2025,5:00,,,, ,9.3,0.14,0,,,55.1,0,3.7,0,16.8,0,27.59,0,14,0,,7.4,0,,32.5,0,
8/3/2025,5:15,,,, ,9.6,0.16,0,,,54.3,0,3.6,0,16.5,0,27.14,0,14,0,,7.4,0,,32.2,0,
8/3/2025,5:30,,,, ,8.7,0.17,0,,,53.2,0,3.5,0,17,0,27.94,0,14,0,,7.4,0,,32.1,0,
8/3/2025,5:45,,,, ,7.9,0.18,0,,,51.3,0,3.4,0,17.6,0,28.72,0,11,0,,7.4,0,,32.2,0,
8/3/2025,6:00,,,, ,7.3,0.18,0,,,41.6,0,2.7,0,18.6,0,30.25,0,13,0,,7.3,0,,32.4,0,
8/3/2025,6:15,,,, ,6.7,0.17,0,,,43,0,2.8,0,18.9,0,30.68,0,10,0,,7.4,0,,32.5,0,
8/3/2025,6:30,,,, ,7.4,0.16,0,,,41,0,2.7,0,19.6,0,31.75,0,15,0,,7.4,0,,32.7,0,
8/3/2025,6:45,,,, ,8.2,0.14,0,,,46.4,0,3,0,19.1,0,31.01,0,15,0,,7.4,0,,32.7,0,
8/3/2025,7:00,,,, ,8.6,0.13,0,,,50.1,0,3.3,0,18,0,29.46,0,15,0,,7.4,0,,32.6,0,
8/3/2025,7:15,,,, ,8,0.11,0,,,42.4,0,2.8,0,18.1,0,29.51,0,15,0,,7.4,0,,32.6,0,
8/3/2025,7:30,,,, ,7.9,0.09,0,,,39.9,0,2.6,0,17.8,0,29.07,0,13,0,,7.3,0,,32.6,0,
8/3/2025,7:45,,,, ,8.4,0.07,0,,,42.5,0,2.8,0,17,0,27.96,0,14,0,,7.4,0,,32.7,0,
8/3/2025,8:00,,,, ,8.3,0.05,0,,,34.8,0,2.3,0,17.9,0,29.25,0,11,0,,7.3,0,,32.9,0,
8/3/2025,8:15,,,, ,9.9,0.03,0,,,46.4,0,3,0,17.6,0,28.78,0,16,0,,7.4,0,,32.9,0,
8/3/2025,8:30,,,, ,9.7,0.01,0,,,50,0,3.3,0,16.5,0,27.1,0,17,0,,7.4,0,,33,0,
8/3/2025,8:45,,,, ,9.8,-0.01,0,,,48.8,0,3.2,0,17,0,27.98,0,17,0,,7.4,0,,33.1,0,
8/3/2025,9:00,,,, ,9.5,-0.03,0,,,49,0,3.2,0,16,0,26.41,0,15,0,,7.3,0,,33.1,0,
8/3/2025,9:15,,,, ,9.7,-0.05,0,,,45.1,0,3,0,17.2,0,28.13,0,16,0,,7.3,0,,33.1,0,
8/3/2025,9:30,,,, ,10.5,-0.07,0,,,43.9,0,2.9,0,17.1,0,28.04,0,15,0,,7.3,0,,33,0,
8/3/2025,9:45,,,, ,9.6,-0.09,0,,,45.4,0,3,0,16.7,0,27.45,0,14,0,,7.3,0,,33.1,0,
8/3/2025,10:00,,,, ,8.9,-0.11,0,,,38.9,0,2.5,0,17.2,0,28.14,0,12,0,,7.3,0,,33.1,0,
8/3/2025,10:15,,,, ,8.1,-0.12,0,,,36.5,0,2.4,0,17.2,0,28.22,0,11,0,,7.3,0,,33.1,0,
8/3/2025,10:30,,,, ,8.6,-0.14,0,,,33.7,0,2.2,0,16.3,0,26.9,0,13,0,,7.3,0,,33.1,0,
8/3/2025,10:45,,,, ,8,-0.16,0,,,31.3,0,2.1,0,16.1,0,26.56,0,11,0,,7.3,0,,33.1,0,
8/3/2025,11:00,,,, ,8,-0.17,0,,,30.1,0,2,0,16.4,0,27.03,0,11,0,,7.3,0,,33.2,0,
8/3/2025,11:15,,,, ,7.8,-0.18,0,,,29.8,0,2,0,15,0,24.86,0,10,0,,7.2,0,,33.1,0,
8/3/2025,11:30,,,, ,8.6,-0.18,0,,,36.7,0,2.5,0,12.9,0,21.67,0,10,0,,7.2,0,,33,0,
8/3/2025,11:45,,,, ,8.3,-0.19,0,,,32.6,0,2.2,0,12.6,0,21.25,0,10,0,,7.2,0,,33,0,
8/3/2025,12:00,,,, ,8.6,-0.2,0,,,34,0,2.3,0,11.6,0,19.62,0,9,0,,7.1,0,,33,0,
8/3/2025,12:15,,,, ,8.7,-0.21,0,,,34.3,0,2.3,0,11.6,0,19.67,0,10,0,,7.1,0,,32.9,0,
8/3/2025,12:30,,,, ,8.8,-0.2,0,,,32.4,0,2.2,0,11.3,0,19.25,0,9,0,,7.1,0,,32.9,0,
8/3/2025,12:45,,,, ,8.9,-0.18,0,,,39.1,0,2.6,0,10.7,0,18.34,0,14,0,,7.1,0,,33.2,0,
8/3/2025,13:00,,,, ,9,-0.17,0,,,48.2,0,3.3,0,9.5,0,16.37,0,12,0,,7.1,0,,33.5,0,
8/3/2025,13:15,,,, ,9.2,-0.16,0,,,43.7,0,3,0,9.3,0,16.11,0,11,0,,7.1,0,,33.6,0,
8/3/2025,13:30,,,, ,9.6,-0.14,0,,,51.4,0,3.5,0,8.7,0,15.14,0,12,0,,7.1,0,,33.9,0,
8/3/2025,13:45,,,, ,11.7,-0.12,0,,,64.5,0,4.3,0,9.1,0,15.75,0,14,0,,7.2,0,,34.6,0,
8/3/2025,14:00,,,, ,11.8,-0.09,0,,,62.7,0,4.2,0,10.2,0,17.57,0,11,0,,7.2,0,,34.5,0,
8/3/2025,14:15,,,, ,11.7,-0.12,0,,,64.5,0,4.3,0,9.1,0,15.75,0,14,0,,7.2,0,,34.6,0,
8/3/2025,14:30,,,, ,11.8,-0.09,0,,,62.7,0,4.2,0,10.2,0,17.57,0,11,0,,7.2,0,,34.5,0,
8/3/2025,14:45,,,, ,11,-0.07,0,,,62.2,0,4.1,0,11.6,0,19.79,0,14,0,,7.2,0,,34.4,0,
8/3/2025,15:00,,,, ,11.6,-0.04,0,,,61,0,4,0,11.7,0,19.89,0,15,0,,7.3,0,,34.3,0,
